1	GCF_000008285.1_ASM828v1_genomic.fna.gz	NC_002973.6:515287-515872	lmonocytogenes	1
1	GCF_000008285.1_ASM828v1_cds_from_genomic.fna.gz	lcl|NC_002973.6_cds_WP_010958741.1_492:657-1242	lmonocytogenes	1
2	GCF_000021185.1_ASM2118v1_genomic.fna.gz	NC_011660.1:2094577-2096358	lmonocytogenes	201
3	GCF_000021185.1_ASM2118v1_genomic.fna.gz	NC_011660.1:2111970-2112389	lmonocytogenes	201
4	GCF_000021185.1_ASM2118v1_genomic.fna.gz	NC_011660.1:2143263-2143848	lmonocytogenes	201
5	GCF_000021185.1_ASM2118v1_cds_from_genomic.fna.gz	lcl|NC_011660.1_cds_WP_012581915.1_2148:657-1242	lmonocytogenes	201
6	GCF_000022925.1_ASM2292v1_genomic.fna.gz	NC_013768.1:539208-539686	lmonocytogenes	120
1	GCF_000026705.1_ASM2670v1_genomic.fna.gz	NC_012488.1:501241-501826	lmonocytogenes	4
7	GCF_000026705.1_ASM2670v1_genomic.fna.gz	NC_012488.1:2103917-2104507	lmonocytogenes	4
1	GCF_000026705.1_ASM2670v1_cds_from_genomic.fna.gz	lcl|NC_012488.1_cds_WP_012681106.1_474:657-1242	lmonocytogenes	4
8	GCF_000026705.1_ASM2670v1_cds_from_genomic.fna.gz	lcl|NC_012488.1_cds_WP_012681381.1_2051:742-1313	lmonocytogenes	4
6	GCF_000093125.2_ASM9312v2_genomic.fna.gz	NC_013766.2:539187-539665	lmonocytogenes	292
9	GCF_000168575.2_ASM16857v2_genomic.fna.gz	NC_017546.1:543051-543340	lmonocytogenes	9
10	GCF_000168595.2_ASM16859v2_genomic.fna.gz	NC_017547.1:526832-527446	lmonocytogenes	155
11	GCF_000168595.2_ASM16859v2_genomic.fna.gz	NC_017547.1:543871-547675	lmonocytogenes	155
12	GCF_000168635.2_ASM16863v2_genomic.fna.gz	NC_017545.1:553386-553669	lmonocytogenes	11
13	GCF_000168635.2_ASM16863v2_genomic.fna.gz	NC_017545.1:568864-570900	lmonocytogenes	11
14	GCF_000168635.2_ASM16863v2_genomic.fna.gz	NC_017545.1:2732099-2733388	lmonocytogenes	11
15	GCF_000168695.2_ASM16869v2_genomic.fna.gz	NC_017544.1:524150-524694	lmonocytogenes	85
16	GCF_000168695.2_ASM16869v2_genomic.fna.gz	NC_017544.1:2637977-2639995	lmonocytogenes	85
17	GCF_000195395.4_ASM19539v5_genomic.fna.gz	NC_021829.3:285794-286379	lmonocytogenes	2
17	GCF_000195395.4_ASM19539v5_cds_from_genomic.fna.gz	lcl|NC_021829.3_cds_WP_003734991.1_261:657-1242	lmonocytogenes	2
9	GCF_000196035.1_ASM19603v1_genomic.fna.gz	NC_003210.1:544374-544663	lmonocytogenes	35
1	GCF_000197755.2_ASM19775v2_genomic.fna.gz	NC_018587.1:502383-502968	lmonocytogenes	66
18	GCF_000197755.2_ASM19775v2_genomic.fna.gz	NC_018587.1:556329-557657	lmonocytogenes	66
19	GCF_000197755.2_ASM19775v2_genomic.fna.gz	NC_018587.1:2690186-2692864	lmonocytogenes	66
1	GCF_000197755.2_ASM19775v2_cds_from_genomic.fna.gz	lcl|NC_018587.1_cds_WP_012681106.1_468:657-1242	lmonocytogenes	66
5	GCF_000209755.1_ASM20975v1_genomic.fna.gz	NC_017529.1:511891-512476	lmonocytogenes	201
20	GCF_000209755.1_ASM20975v1_genomic.fna.gz	NC_017529.1:543350-543769	lmonocytogenes	201
21	GCF_000209755.1_ASM20975v1_genomic.fna.gz	NC_017529.1:559381-561162	lmonocytogenes	201
5	GCF_000209755.1_ASM20975v1_cds_from_genomic.fna.gz	lcl|NC_017529.1_cds_WP_012581915.1_500:657-1242	lmonocytogenes	201
9	GCF_000210815.2_ASM21081v2_genomic.fna.gz	NC_018588.1:543091-543380	lmonocytogenes	122
5	GCF_000218305.1_ASM21830v1_genomic.fna.gz	NC_017537.1:510179-510764	lmonocytogenes	201
20	GCF_000218305.1_ASM21830v1_genomic.fna.gz	NC_017537.1:541638-542057	lmonocytogenes	201
21	GCF_000218305.1_ASM21830v1_genomic.fna.gz	NC_017537.1:557669-559450	lmonocytogenes	201
5	GCF_000218305.1_ASM21830v1_cds_from_genomic.fna.gz	lcl|NC_017537.1_cds_WP_012581915.1_500:657-1242	lmonocytogenes	201
1	GCF_000258905.1_ASM25890v1_genomic.fna.gz	NC_017728.1:512965-513550	lmonocytogenes	4
1	GCF_000258905.1_ASM25890v1_cds_from_genomic.fna.gz	lcl|NC_017728.1_cds_WP_014654199.1_491:657-1242	lmonocytogenes	4
5	GCF_000306905.1_ASM30690v1_genomic.fna.gz	NC_018586.1:500626-501211	lmonocytogenes	617
7	GCF_000306905.1_ASM30690v1_genomic.fna.gz	NC_018586.1:2145787-2146377	lmonocytogenes	617
22	GCF_000306905.1_ASM30690v1_genomic.fna.gz	NC_018586.1:2697136-2698758	lmonocytogenes	617
5	GCF_000306905.1_ASM30690v1_cds_from_genomic.fna.gz	lcl|NC_018586.1_cds_WP_014929389.1_472:657-1242	lmonocytogenes	617
8	GCF_000306905.1_ASM30690v1_cds_from_genomic.fna.gz	lcl|NC_018586.1_cds_WP_012681381.1_2110:742-1313	lmonocytogenes	617
23	GCF_000306985.1_ASM30698v1_genomic.fna.gz	NC_018593.1:506165-506389	lmonocytogenes	91
9	GCF_000307005.1_ASM30700v1_genomic.fna.gz	NC_018589.1:543106-543395	lmonocytogenes	9
17	GCF_000307025.1_ASM30702v1_genomic.fna.gz	NC_018584.1:527870-528455	lmonocytogenes	2
17	GCF_000307025.1_ASM30702v1_cds_from_genomic.fna.gz	lcl|NC_018584.1_cds_WP_003734991.1_500:657-1242	lmonocytogenes	2
24	GCF_000307045.1_ASM30704v1_genomic.fna.gz	NC_018592.1:523673-524218	lmonocytogenes	12
25	GCF_000307045.1_ASM30704v1_genomic.fna.gz	NC_018592.1:2641952-2644037	lmonocytogenes	12
26	GCF_000307065.1_ASM30706v1_genomic.fna.gz	NC_018590.1:530075-530746	lmonocytogenes	71
7	GCF_000307085.1_ASM30708v1_genomic.fna.gz	NC_018642.1:2104076-2104666	lmonocytogenes	4
8	GCF_000307085.1_ASM30708v1_cds_from_genomic.fna.gz	lcl|NC_018642.1_cds_WP_012681381.1_2051:742-1313	lmonocytogenes	4
1	GCF_000307615.1_ASM30761v1_genomic.fna.gz	NC_018585.1:515816-516401	lmonocytogenes	73
1	GCF_000307615.1_ASM30761v1_cds_from_genomic.fna.gz	lcl|NC_018585.1_cds_WP_014929175.1_492:657-1242	lmonocytogenes	73
1	GCF_000318055.1_ASM31805v1_genomic.fna.gz	NC_019556.1:515276-515861	lmonocytogenes	1
1	GCF_000318055.1_ASM31805v1_cds_from_genomic.fna.gz	lcl|NC_019556.1_cds_WP_010958741.1_493:657-1242	lmonocytogenes	1
27	GCF_000438585.1_ASM43858v1_genomic.fna.gz	NC_021838.1:335905-338583	lmonocytogenes	3
28	GCF_000438585.1_ASM43858v1_genomic.fna.gz	NC_021838.1:2172635-2173963	lmonocytogenes	3
29	GCF_000438585.1_ASM43858v1_genomic.fna.gz	NC_021838.1:2227323-2227908	lmonocytogenes	3
1	GCF_000438585.1_ASM43858v1_cds_from_genomic.fna.gz	lcl|NC_021838.1_cds_WP_012681106.1_2242:657-1242	lmonocytogenes	3
30	GCF_000438605.1_ASM43860v1_genomic.fna.gz	NC_021823.1:2955531-2956210	lmonocytogenes	155
11	GCF_000438605.1_ASM43860v1_genomic.fna.gz	NC_021823.1:2972635-2976439	lmonocytogenes	155
31	GCF_000438625.1_ASM43862v1_genomic.fna.gz	NC_021824.1:1008236-1008821	lmonocytogenes	5
31	GCF_000438625.1_ASM43862v1_cds_from_genomic.fna.gz	lcl|NC_021824.1_cds_WP_023550315.1_982:657-1242	lmonocytogenes	5
32	GCF_000438645.1_ASM43864v1_genomic.fna.gz	NC_021837.1:10725-11203	lmonocytogenes	394
33	GCF_000438645.1_ASM43864v1_genomic.fna.gz	NC_021837.1:790609-792163	lmonocytogenes	394
1	GCF_000438665.1_ASM43866v1_genomic.fna.gz	NC_021825.1:981929-982514	lmonocytogenes	1
1	GCF_000438665.1_ASM43866v1_cds_from_genomic.fna.gz	lcl|NC_021825.1_cds_WP_010958741.1_988:657-1242	lmonocytogenes	1
34	GCF_000438685.2_ASM43868v2_genomic.fna.gz	NC_021826.1:1643294-1645973	lmonocytogenes	3
1	GCF_000438685.2_ASM43868v2_genomic.fna.gz	NC_021826.1:2463103-2463688	lmonocytogenes	3
35	GCF_000438685.2_ASM43868v2_genomic.fna.gz	NC_021826.1:2517048-2518377	lmonocytogenes	3
1	GCF_000438685.2_ASM43868v2_cds_from_genomic.fna.gz	lcl|NC_021826.1_cds_WP_012681106.1_2442:657-1242	lmonocytogenes	3
36	GCF_000438705.2_ASM43870v2_genomic.fna.gz	NC_021839.1:264834-265419	lmonocytogenes	6
6	GCF_000513595.1_ASM51359v1_genomic.fna.gz	NZ_CP006858.1:539187-539665	lmonocytogenes	292
1	GCF_000513615.1_ASM51361v1_genomic.fna.gz	NZ_CP006874.1:549248-549833	lmonocytogenes	1
1	GCF_000513615.1_ASM51361v1_cds_from_genomic.fna.gz	lcl|NZ_CP006874.1_cds_WP_010958741.1_551:657-1242	lmonocytogenes	1
6	GCF_000513635.1_ASM51363v1_genomic.fna.gz	NZ_CP006859.1:539187-539665	lmonocytogenes	292
6	GCF_000513655.1_ASM51365v1_genomic.fna.gz	NZ_CP006860.1:539187-539665	lmonocytogenes	292
6	GCF_000513675.1_ASM51367v1_genomic.fna.gz	NZ_CP006861.1:539209-539687	lmonocytogenes	120
6	GCF_000513695.1_ASM51369v1_genomic.fna.gz	NZ_CP006862.1:539208-539686	lmonocytogenes	120
25	GCF_000568475.1_ASM56847v1_genomic.fna.gz	NZ_CP007160.1:1410423-1412508	lmonocytogenes	12
24	GCF_000568475.1_ASM56847v1_genomic.fna.gz	NZ_CP007160.1:2199777-2200322	lmonocytogenes	12
1	GCF_000568935.1_ASM56893v1_genomic.fna.gz	NZ_CP007210.1:2866259-2866844	lmonocytogenes	79
1	GCF_000568935.1_ASM56893v1_cds_from_genomic.fna.gz	lcl|NZ_CP007210.1_cds_WP_010958741.1_2809:657-1242	lmonocytogenes	79
37	GCF_000577745.1_6179_18022011_genomic.fna.gz	NZ_HG813249.1:48-414	lmonocytogenes	121
1	GCF_000577745.1_6179_18022011_genomic.fna.gz	NZ_HG813249.1:774191-774776	lmonocytogenes	121
38	GCF_000577745.1_6179_18022011_genomic.fna.gz	NZ_HG813249.1:809630-809981	lmonocytogenes	121
39	GCF_000577745.1_6179_18022011_genomic.fna.gz	NZ_HG813249.1:825173-827484	lmonocytogenes	121
1	GCF_000577745.1_6179_18022011_cds_from_genomic.fna.gz	lcl|NZ_HG813249.1_cds_WP_031669158.1_749:657-1242	lmonocytogenes	121
40	GCF_000582845.1_SV_1_genomic.fna.gz	NC_022568.1:524162-524704	lmonocytogenes	12
41	GCF_000582845.1_SV_1_genomic.fna.gz	NC_022568.1:2642400-2644088	lmonocytogenes	12
1	GCF_000600015.1_ASM60001v1_genomic.fna.gz	NZ_CP007492.1:515276-515861	lmonocytogenes	1
1	GCF_000600015.1_ASM60001v1_cds_from_genomic.fna.gz	lcl|NZ_CP007492.1_cds_WP_010958741.1_493:657-1242	lmonocytogenes	1
6	GCF_000613085.1_R479A_18022011_genomic.fna.gz	NZ_HG813247.1:515167-515645	lmonocytogenes	8
32	GCF_000746625.1_ASM74662v1_genomic.fna.gz	NZ_CP009258.1:1530801-1531279	lmonocytogenes	551
1	GCF_000800335.1_ASM80033v1_genomic.fna.gz	NZ_CP009897.1:514628-515213	lmonocytogenes	1
1	GCF_000800335.1_ASM80033v1_cds_from_genomic.fna.gz	lcl|NZ_CP009897.1_cds_WP_010958741.1_490:657-1242	lmonocytogenes	1
1	GCF_000950775.1_ASM95077v1_genomic.fna.gz	NZ_CP011004.1:620571-621156	lmonocytogenes	4
7	GCF_000950775.1_ASM95077v1_genomic.fna.gz	NZ_CP011004.1:2222029-2222619	lmonocytogenes	4
1	GCF_000950775.1_ASM95077v1_cds_from_genomic.fna.gz	lcl|NZ_CP011004.1_cds_WP_012681106.1_585:657-1242	lmonocytogenes	4
8	GCF_000950775.1_ASM95077v1_cds_from_genomic.fna.gz	lcl|NZ_CP011004.1_cds_WP_012681381.1_2166:742-1313	lmonocytogenes	4
31	GCF_001005925.2_ASM100592v2_genomic.fna.gz	NZ_CP011398.2:511672-512257	lmonocytogenes	5
31	GCF_001005925.2_ASM100592v2_cds_from_genomic.fna.gz	lcl|NZ_CP011398.2_cds_WP_026747115.1_482:657-1242	lmonocytogenes	5
42	GCF_001005985.1_ASM100598v1_genomic.fna.gz	NZ_CP011397.1:534270-534885	lmonocytogenes	37
43	GCF_001005985.1_ASM100598v1_genomic.fna.gz	NZ_CP011397.1:1876974-1878128	lmonocytogenes	37
44	GCF_001005985.1_ASM100598v1_cds_from_genomic.fna.gz	lcl|NZ_CP011397.1_cds_WP_077941373.1_1881:693-1865	lmonocytogenes	37
45	GCF_001027065.1_ASM102706v1_genomic.fna.gz	NZ_CP007689.1:1415875-1416224	lmonocytogenes	378
46	GCF_001027085.1_ASM102708v1_genomic.fna.gz	NZ_CP007688.1:524158-524767	lmonocytogenes	7
47	GCF_001027085.1_ASM102708v1_genomic.fna.gz	NZ_CP007688.1:2682282-2684366	lmonocytogenes	7
48	GCF_001027125.1_ASM102712v1_genomic.fna.gz	NZ_CP007687.1:2632322-2633085	lmonocytogenes	29
31	GCF_001027165.1_ASM102716v1_genomic.fna.gz	NZ_CP007686.1:512053-512638	lmonocytogenes	5
31	GCF_001027165.1_ASM102716v1_cds_from_genomic.fna.gz	lcl|NZ_CP007686.1_cds_WP_026747115.1_483:657-1242	lmonocytogenes	5
46	GCF_001027205.1_ASM102720v1_genomic.fna.gz	NZ_CP007685.1:524159-524768	lmonocytogenes	7
49	GCF_001027205.1_ASM102720v1_genomic.fna.gz	NZ_CP007685.1:2682297-2684183	lmonocytogenes	7
50	GCF_001027245.1_ASM102724v1_genomic.fna.gz	NZ_CP007684.1:1455837-1456446	lmonocytogenes	561
51	GCF_001027245.1_ASM102724v1_genomic.fna.gz	NZ_CP007684.1:2642235-2644452	lmonocytogenes	561
5	GCF_001188655.1_ASM118865v1_genomic.fna.gz	NZ_CP009242.1:473233-473818	lmonocytogenes	202
20	GCF_001188655.1_ASM118865v1_genomic.fna.gz	NZ_CP009242.1:504692-505111	lmonocytogenes	202
52	GCF_001188655.1_ASM118865v1_genomic.fna.gz	NZ_CP009242.1:520723-523089	lmonocytogenes	202
5	GCF_001188655.1_ASM118865v1_cds_from_genomic.fna.gz	lcl|NZ_CP009242.1_cds_WP_012581915.1_441:657-1242	lmonocytogenes	202
1	GCF_001454845.1_ASM145484v1_genomic.fna.gz	NZ_CP013285.1:1452352-1452937	lmonocytogenes	73
1	GCF_001454845.1_ASM145484v1_cds_from_genomic.fna.gz	lcl|NZ_CP013285.1_cds_WP_010958741.1_1409:657-1242	lmonocytogenes	73
26	GCF_001454865.1_ASM145486v1_genomic.fna.gz	NZ_CP013286.1:299012-299683	lmonocytogenes	71
26	GCF_001454885.1_ASM145488v1_genomic.fna.gz	NZ_CP013287.1:1947366-1948037	lmonocytogenes	71
17	GCF_001454905.1_ASM145490v1_genomic.fna.gz	NZ_CP013288.1:1014679-1015264	lmonocytogenes	2
17	GCF_001454905.1_ASM145490v1_cds_from_genomic.fna.gz	lcl|NZ_CP013288.1_cds_WP_003734991.1_990:657-1242	lmonocytogenes	2
53	GCF_001454925.1_ASM145492v1_genomic.fna.gz	NZ_CP013289.1:1426740-1427325	lmonocytogenes	290
17	GCF_001454925.1_ASM145492v1_cds_from_genomic.fna.gz	lcl|NZ_CP013289.1_cds_WP_003734991.1_1422:657-1242	lmonocytogenes	290
54	GCF_001483405.1_ASM148340v1_genomic.fna.gz	NZ_CP013722.1:976132-979019	lmonocytogenes	26
32	GCF_001483405.1_ASM148340v1_genomic.fna.gz	NZ_CP013722.1:996713-997191	lmonocytogenes	26
55	GCF_001483405.1_ASM148340v1_genomic.fna.gz	NZ_CP013722.1:1793157-1794580	lmonocytogenes	26
9	GCF_001483425.1_ASM148342v1_genomic.fna.gz	NZ_CP013723.1:2793936-2794225	lmonocytogenes	18
6	GCF_001483445.1_ASM148344v1_genomic.fna.gz	NZ_CP013724.1:2023939-2024417	lmonocytogenes	8
6	GCF_001513695.1_ASM151369v1_genomic.fna.gz	NZ_CP013919.1:539207-539685	lmonocytogenes	8
31	GCF_001548585.1_ASM154858v1_genomic.fna.gz	NZ_CP014252.1:511728-512313	lmonocytogenes	5
31	GCF_001548585.1_ASM154858v1_cds_from_genomic.fna.gz	lcl|NZ_CP014252.1_cds_WP_026747115.1_483:657-1242	lmonocytogenes	5
31	GCF_001548635.1_ASM154863v1_genomic.fna.gz	NZ_CP014250.1:535395-535980	lmonocytogenes	5
31	GCF_001548635.1_ASM154863v1_cds_from_genomic.fna.gz	lcl|NZ_CP014250.1_cds_WP_023550315.1_526:657-1242	lmonocytogenes	5
15	GCF_001551855.1_ASM155185v1_genomic.fna.gz	NZ_CP014261.1:524159-524703	lmonocytogenes	7
16	GCF_001551855.1_ASM155185v1_genomic.fna.gz	NZ_CP014261.1:2599171-2601189	lmonocytogenes	7
15	GCF_001596775.2_ASM159677v2_genomic.fna.gz	NZ_CP014790.1:523751-524295	lmonocytogenes	7
16	GCF_001596775.2_ASM159677v2_genomic.fna.gz	NZ_CP014790.1:2629588-2631606	lmonocytogenes	7
31	GCF_001908335.1_ASM190833v1_genomic.fna.gz	NZ_CP016213.1:2990125-2990710	lmonocytogenes	5
31	GCF_001908335.1_ASM190833v1_cds_from_genomic.fna.gz	lcl|NZ_CP016213.1_cds_WP_026747115.1_2967:657-1242	lmonocytogenes	5
32	GCF_001913195.1_ASM191319v1_genomic.fna.gz	NZ_CP018685.1:2465853-2466331	lmonocytogenes	120
32	GCF_001952735.1_ASM195273v1_genomic.fna.gz	NZ_CP019164.1:2464496-2464974	lmonocytogenes	120
32	GCF_001952755.1_ASM195275v1_genomic.fna.gz	NZ_CP019165.1:2465850-2466328	lmonocytogenes	292
32	GCF_001952775.1_ASM195277v1_genomic.fna.gz	NZ_CP019167.1:2499169-2499647	lmonocytogenes	292
32	GCF_001952795.1_ASM195279v1_genomic.fna.gz	NZ_CP019170.1:2465849-2466327	lmonocytogenes	120
17	GCF_001998985.1_ASM199898v1_genomic.fna.gz	NZ_CP019616.1:527764-528349	lmonocytogenes	217
17	GCF_001998985.1_ASM199898v1_cds_from_genomic.fna.gz	lcl|NZ_CP019616.1_cds_WP_070786211.1_504:657-1242	lmonocytogenes	217
6	GCF_001999025.1_ASM199902v1_genomic.fna.gz	NZ_CP019618.1:540844-541322	lmonocytogenes	120
17	GCF_001999045.1_ASM199904v1_genomic.fna.gz	NZ_CP019619.1:555182-555767	lmonocytogenes	2
17	GCF_001999045.1_ASM199904v1_cds_from_genomic.fna.gz	lcl|NZ_CP019619.1_cds_WP_003734991.1_560:657-1242	lmonocytogenes	2
56	GCF_001999085.1_ASM199908v1_genomic.fna.gz	NZ_CP019621.1:557908-558263	lmonocytogenes	798
57	GCF_001999085.1_ASM199908v1_genomic.fna.gz	NZ_CP019621.1:2703307-2703937	lmonocytogenes	798
58	GCF_001999125.1_ASM199912v1_genomic.fna.gz	NZ_CP019623.1:521147-521732	lmonocytogenes	321
59	GCF_001999125.1_ASM199912v1_genomic.fna.gz	NZ_CP019623.1:559574-560059	lmonocytogenes	321
60	GCF_001999125.1_ASM199912v1_genomic.fna.gz	NZ_CP019623.1:576461-578690	lmonocytogenes	321
58	GCF_001999125.1_ASM199912v1_cds_from_genomic.fna.gz	lcl|NZ_CP019623.1_cds_WP_069000911.1_498:657-1242	lmonocytogenes	321
53	GCF_002025165.1_ASM202516v1_genomic.fna.gz	NZ_CP020022.1:2574812-2575397	lmonocytogenes	2
17	GCF_002025165.1_ASM202516v1_cds_from_genomic.fna.gz	lcl|NZ_CP020022.1_cds_WP_003734991.1_2581:657-1242	lmonocytogenes	2
1	GCF_002043045.1_ASM204304v1_genomic.fna.gz	NZ_CP015593.1:497580-498165	lmonocytogenes	87
61	GCF_002043045.1_ASM204304v1_genomic.fna.gz	NZ_CP015593.1:2711277-2713756	lmonocytogenes	87
1	GCF_002043045.1_ASM204304v1_cds_from_genomic.fna.gz	lcl|NZ_CP015593.1_cds_472:657-1242	lmonocytogenes	87
1	GCF_002101275.1_ASM210127v1_genomic.fna.gz	NZ_CP020774.1:500652-501237	lmonocytogenes	489
62	GCF_002101275.1_ASM210127v1_genomic.fna.gz	NZ_CP020774.1:2628164-2630378	lmonocytogenes	489
1	GCF_002101275.1_ASM210127v1_cds_from_genomic.fna.gz	lcl|NZ_CP020774.1_cds_WP_085078083.1_468:657-1242	lmonocytogenes	489
30	GCF_002105615.1_ASM210561v1_genomic.fna.gz	NZ_CP020827.1:526528-527207	lmonocytogenes	155
63	GCF_002105615.1_ASM210561v1_genomic.fna.gz	NZ_CP020827.1:543632-547436	lmonocytogenes	155
58	GCF_002105635.1_ASM210563v1_genomic.fna.gz	NZ_CP020828.1:523545-524130	lmonocytogenes	321
59	GCF_002105635.1_ASM210563v1_genomic.fna.gz	NZ_CP020828.1:561971-562456	lmonocytogenes	321
60	GCF_002105635.1_ASM210563v1_genomic.fna.gz	NZ_CP020828.1:578858-581087	lmonocytogenes	321
58	GCF_002105635.1_ASM210563v1_cds_from_genomic.fna.gz	lcl|NZ_CP020828.1_cds_WP_069000911.1_499:657-1242	lmonocytogenes	321
9	GCF_002105655.1_ASM210565v1_genomic.fna.gz	NZ_CP020830.1:530694-530983	lmonocytogenes	18
64	GCF_002105675.1_ASM210567v1_genomic.fna.gz	NZ_CP020831.1:548918-549401	lmonocytogenes	790
65	GCF_002105675.1_ASM210567v1_genomic.fna.gz	NZ_CP020831.1:564594-566761	lmonocytogenes	790
66	GCF_002105675.1_ASM210567v1_genomic.fna.gz	NZ_CP020831.1:2646583-2647936	lmonocytogenes	790
67	GCF_002105695.1_ASM210569v1_genomic.fna.gz	NZ_CP020832.1:604356-605647	lmonocytogenes	29
68	GCF_002105695.1_ASM210569v1_genomic.fna.gz	NZ_CP020832.1:2722210-2722825	lmonocytogenes	29
69	GCF_002105715.1_ASM210571v1_genomic.fna.gz	NZ_CP020833.1:574008-577548	lmonocytogenes	1064
70	GCF_002105715.1_ASM210571v1_genomic.fna.gz	NZ_CP020833.1:2711438-2712462	lmonocytogenes	1064
31	GCF_002208215.1_ASM220821v1_genomic.fna.gz	NZ_CP022020.1:511714-512299	lmonocytogenes	5
31	GCF_002208215.1_ASM220821v1_cds_from_genomic.fna.gz	lcl|NZ_CP022020.1_cds_WP_026747115.1_482:657-1242	lmonocytogenes	5
5	GCF_002213505.1_ASM221350v1_genomic.fna.gz	NZ_CP008821.1:515556-516141	lmonocytogenes	388
5	GCF_002213505.1_ASM221350v1_cds_from_genomic.fna.gz	lcl|NZ_CP008821.1_cds_WP_088744342.1_492:657-1242	lmonocytogenes	388
6	GCF_002213545.1_ASM221354v1_genomic.fna.gz	NZ_CP007007.1:539208-539686	lmonocytogenes	120
6	GCF_002213565.1_ASM221356v1_genomic.fna.gz	NZ_CP007008.1:539208-539686	lmonocytogenes	292
6	GCF_002213585.1_ASM221358v1_genomic.fna.gz	NZ_CP007009.1:539187-539665	lmonocytogenes	292
6	GCF_002213605.1_ASM221360v1_genomic.fna.gz	NZ_CP007010.1:539208-539686	lmonocytogenes	292
6	GCF_002213625.1_ASM221362v1_genomic.fna.gz	NZ_CP007011.1:539208-539686	lmonocytogenes	120
6	GCF_002213645.1_ASM221364v1_genomic.fna.gz	NZ_CP007017.1:539209-539687	lmonocytogenes	120
6	GCF_002213665.1_ASM221366v1_genomic.fna.gz	NZ_CP007018.1:539209-539687	lmonocytogenes	120
6	GCF_002213685.1_ASM221368v1_genomic.fna.gz	NZ_CP007019.1:539208-539686	lmonocytogenes	120
6	GCF_002213705.1_ASM221370v1_genomic.fna.gz	NZ_CP007020.1:539208-539686	lmonocytogenes	292
6	GCF_002213725.1_ASM221372v1_genomic.fna.gz	NZ_CP007021.1:539208-539686	lmonocytogenes	292
9	GCF_002213745.1_ASM221374v1_genomic.fna.gz	NZ_CP007194.1:537098-537387	lmonocytogenes	9
9	GCF_002213765.1_ASM221376v1_genomic.fna.gz	NZ_CP007195.1:537071-537360	lmonocytogenes	9
9	GCF_002213785.1_ASM221378v1_genomic.fna.gz	NZ_CP007196.1:537098-537387	lmonocytogenes	9
42	GCF_002213805.1_ASM221380v1_genomic.fna.gz	NZ_CP007197.1:528564-529179	lmonocytogenes	37
71	GCF_002213805.1_ASM221380v1_genomic.fna.gz	NZ_CP007197.1:1869741-1871315	lmonocytogenes	37
72	GCF_002213805.1_ASM221380v1_cds_from_genomic.fna.gz	lcl|NZ_CP007197.1_cds_WP_088757890.1_1877:741-2249	lmonocytogenes	37
42	GCF_002213825.1_ASM221382v1_genomic.fna.gz	NZ_CP007198.1:528563-529178	lmonocytogenes	37
71	GCF_002213825.1_ASM221382v1_genomic.fna.gz	NZ_CP007198.1:1869740-1871314	lmonocytogenes	37
72	GCF_002213825.1_ASM221382v1_cds_from_genomic.fna.gz	lcl|NZ_CP007198.1_cds_WP_088757890.1_1877:741-2249	lmonocytogenes	37
6	GCF_002213845.1_ASM221384v1_genomic.fna.gz	NZ_CP007199.1:508875-509353	lmonocytogenes	394
73	GCF_002213845.1_ASM221384v1_genomic.fna.gz	NZ_CP007199.1:2604505-2605993	lmonocytogenes	394
6	GCF_002213865.1_ASM221386v1_genomic.fna.gz	NZ_CP007200.1:508875-509353	lmonocytogenes	394
73	GCF_002213865.1_ASM221386v1_genomic.fna.gz	NZ_CP007200.1:2604505-2605993	lmonocytogenes	394
1	GCF_002213885.1_ASM221388v1_genomic.fna.gz	NZ_CP007459.1:551197-551782	lmonocytogenes	1
1	GCF_002213885.1_ASM221388v1_cds_from_genomic.fna.gz	lcl|NZ_CP007459.1_cds_WP_010958741.1_559:657-1242	lmonocytogenes	1
6	GCF_002213905.1_ASM221390v1_genomic.fna.gz	NZ_CP008837.1:539209-539687	lmonocytogenes	120
1	GCF_002213925.1_ASM221392v1_genomic.fna.gz	NZ_CP007460.1:551197-551782	lmonocytogenes	1
1	GCF_002213925.1_ASM221392v1_cds_from_genomic.fna.gz	lcl|NZ_CP007460.1_cds_WP_010958741.1_559:657-1242	lmonocytogenes	1
1	GCF_002213945.1_ASM221394v1_genomic.fna.gz	NZ_CP007461.1:551197-551782	lmonocytogenes	1
1	GCF_002213945.1_ASM221394v1_cds_from_genomic.fna.gz	lcl|NZ_CP007461.1_cds_WP_010958741.1_559:657-1242	lmonocytogenes	1
5	GCF_002213965.1_ASM221396v1_genomic.fna.gz	NZ_CP007462.1:515556-516141	lmonocytogenes	388
5	GCF_002213965.1_ASM221396v1_cds_from_genomic.fna.gz	lcl|NZ_CP007462.1_cds_WP_088744342.1_492:657-1242	lmonocytogenes	388
1	GCF_002213985.1_ASM221398v1_genomic.fna.gz	NZ_CP007525.1:544951-545536	lmonocytogenes	1
1	GCF_002213985.1_ASM221398v1_cds_from_genomic.fna.gz	lcl|NZ_CP007525.1_cds_WP_010958741.1_545:657-1242	lmonocytogenes	1
1	GCF_002214005.1_ASM221400v1_genomic.fna.gz	NZ_CP007526.1:549268-549853	lmonocytogenes	1
1	GCF_002214005.1_ASM221400v1_cds_from_genomic.fna.gz	lcl|NZ_CP007526.1_cds_WP_010958741.1_551:657-1242	lmonocytogenes	1
6	GCF_002214045.1_ASM221404v1_genomic.fna.gz	NZ_CP008836.1:539187-539665	lmonocytogenes	292
1	GCF_002214065.1_ASM221406v1_genomic.fna.gz	NZ_CP007167.1:549270-549855	lmonocytogenes	1
1	GCF_002214065.1_ASM221406v1_cds_from_genomic.fna.gz	lcl|NZ_CP007167.1_cds_WP_010958741.1_551:657-1242	lmonocytogenes	1
31	GCF_002214085.1_ASM221408v1_genomic.fna.gz	NZ_CP007168.1:501694-502279	lmonocytogenes	5
31	GCF_002214085.1_ASM221408v1_cds_from_genomic.fna.gz	lcl|NZ_CP007168.1_cds_WP_088813746.1_476:657-1242	lmonocytogenes	5
31	GCF_002214105.1_ASM221410v1_genomic.fna.gz	NZ_CP007169.1:501694-502279	lmonocytogenes	5
31	GCF_002214105.1_ASM221410v1_cds_from_genomic.fna.gz	lcl|NZ_CP007169.1_cds_WP_088813746.1_476:657-1242	lmonocytogenes	5
74	GCF_002214125.1_ASM221412v1_genomic.fna.gz	NZ_CP007170.1:517934-518480	lmonocytogenes	7
75	GCF_002214125.1_ASM221412v1_genomic.fna.gz	NZ_CP007170.1:2677039-2679123	lmonocytogenes	7
74	GCF_002214145.1_ASM221414v1_genomic.fna.gz	NZ_CP007171.1:517934-518480	lmonocytogenes	7
75	GCF_002214145.1_ASM221414v1_genomic.fna.gz	NZ_CP007171.1:2677039-2679123	lmonocytogenes	7
1	GCF_002220325.1_ASM222032v1_genomic.fna.gz	NZ_CP016629.1:521282-521867	lmonocytogenes	224
1	GCF_002220325.1_ASM222032v1_cds_from_genomic.fna.gz	lcl|NZ_CP016629.1_cds_WP_070232339.1_492:657-1242	lmonocytogenes	224
31	GCF_002285655.1_ASM228565v1_genomic.fna.gz	NZ_CP023052.1:511726-512311	lmonocytogenes	5
31	GCF_002285655.1_ASM228565v1_cds_from_genomic.fna.gz	lcl|NZ_CP023052.1_cds_WP_026747115.1_481:657-1242	lmonocytogenes	5
31	GCF_002285835.1_ASM228583v1_genomic.fna.gz	NZ_CP023050.1:511732-512317	lmonocytogenes	5
31	GCF_002285835.1_ASM228583v1_cds_from_genomic.fna.gz	lcl|NZ_CP023050.1_cds_WP_026747115.1_482:657-1242	lmonocytogenes	5
76	GCF_002557735.1_ASM255773v1_genomic.fna.gz	NZ_CP023752.1:497256-497841	lmonocytogenes	9
9	GCF_002557735.1_ASM255773v1_genomic.fna.gz	NZ_CP023752.1:542805-543094	lmonocytogenes	9
9	GCF_002557815.1_ASM255781v1_genomic.fna.gz	NZ_CP023754.1:542810-543099	lmonocytogenes	9
9	GCF_002831485.1_ASM283148v1_genomic.fna.gz	NZ_CP025082.1:543121-543410	lmonocytogenes	9
9	GCF_002843525.1_ASM284352v1_genomic.fna.gz	NZ_CP025259.1:543118-543407	lmonocytogenes	9
9	GCF_002848425.1_ASM284842v1_genomic.fna.gz	NZ_CP025442.1:551091-551380	lmonocytogenes	9
9	GCF_002848465.1_ASM284846v1_genomic.fna.gz	NZ_CP025438.1:543121-543410	lmonocytogenes	9
9	GCF_002848485.1_ASM284848v1_genomic.fna.gz	NZ_CP025440.1:543122-543411	lmonocytogenes	9
9	GCF_002848505.1_ASM284850v1_genomic.fna.gz	NZ_CP025443.1:551091-551380	lmonocytogenes	9
9	GCF_002969195.1_ASM296919v1_genomic.fna.gz	NZ_CP021325.1:536867-537156	lmonocytogenes	477
1	GCF_003030165.1_ASM303016v1_genomic.fna.gz	NZ_CP028183.1:505679-506264	lmonocytogenes	121
38	GCF_003030165.1_ASM303016v1_genomic.fna.gz	NZ_CP028183.1:541118-541469	lmonocytogenes	121
77	GCF_003030165.1_ASM303016v1_genomic.fna.gz	NZ_CP028183.1:556661-558958	lmonocytogenes	121
78	GCF_003030165.1_ASM303016v1_genomic.fna.gz	NZ_CP028183.1:2782277-2783764	lmonocytogenes	121
1	GCF_003030165.1_ASM303016v1_cds_from_genomic.fna.gz	lcl|NZ_CP028183.1_cds_WP_031669158.1_474:657-1242	lmonocytogenes	121
53	GCF_003030405.1_ASM303040v1_genomic.fna.gz	NZ_CP028333.1:2818465-2819050	lmonocytogenes	2
17	GCF_003030405.1_ASM303040v1_cds_from_genomic.fna.gz	lcl|NZ_CP028333.1_cds_WP_003734991.1_2777:657-1242	lmonocytogenes	2
17	GCF_003031895.1_ASM303189v1_genomic.fna.gz	NZ_CP025219.1:528000-528585	lmonocytogenes	145
17	GCF_003031895.1_ASM303189v1_cds_from_genomic.fna.gz	lcl|NZ_CP025219.1_cds_WP_003734991.1_500:657-1242	lmonocytogenes	145
17	GCF_003031915.1_ASM303191v1_genomic.fna.gz	NZ_CP025220.1:568471-569056	lmonocytogenes	2
17	GCF_003031915.1_ASM303191v1_cds_from_genomic.fna.gz	lcl|NZ_CP025220.1_cds_WP_003734991.1_565:657-1242	lmonocytogenes	2
79	GCF_003031935.1_ASM303193v1_genomic.fna.gz	NZ_CP025221.1:543381-543668	lmonocytogenes	101
80	GCF_003031935.1_ASM303193v1_genomic.fna.gz	NZ_CP025221.1:2721398-2722359	lmonocytogenes	101
81	GCF_003031955.1_ASM303195v1_genomic.fna.gz	NZ_CP025222.1:2729434-2730461	lmonocytogenes	222
82	GCF_003031975.1_ASM303197v1_genomic.fna.gz	NZ_CP025560.1:531896-532117	lmonocytogenes	199
83	GCF_003031975.1_ASM303197v1_genomic.fna.gz	NZ_CP025560.1:548543-551810	lmonocytogenes	199
17	GCF_003032055.1_ASM303205v1_genomic.fna.gz	NZ_CP025565.1:529547-530132	lmonocytogenes	2
17	GCF_003032055.1_ASM303205v1_cds_from_genomic.fna.gz	lcl|NZ_CP025565.1_cds_WP_003734991.1_501:657-1242	lmonocytogenes	2
9	GCF_003032075.1_ASM303207v1_genomic.fna.gz	NZ_CP025567.1:542786-543075	lmonocytogenes	510
76	GCF_003043895.1_ASM304389v1_genomic.fna.gz	NZ_CP025568.1:531258-531843	lmonocytogenes	9
9	GCF_003043895.1_ASM304389v1_genomic.fna.gz	NZ_CP025568.1:576807-577096	lmonocytogenes	9
46	GCF_003144075.1_ASM314407v1_genomic.fna.gz	NZ_CP029372.1:523752-524361	lmonocytogenes	7
16	GCF_003144075.1_ASM314407v1_genomic.fna.gz	NZ_CP029372.1:2629653-2631671	lmonocytogenes	7
53	GCF_003390475.1_ASM339047v1_genomic.fna.gz	NZ_CP031476.1:306028-306613	lmonocytogenes	145
17	GCF_003390475.1_ASM339047v1_cds_from_genomic.fna.gz	lcl|NZ_CP031476.1_cds_WP_003734991.1_321:657-1242	lmonocytogenes	145
1	GCF_003409075.1_ASM340907v1_genomic.fna.gz	NZ_CP031674.1:261491-262076	lmonocytogenes	328
1	GCF_003409075.1_ASM340907v1_cds_from_genomic.fna.gz	lcl|NZ_CP031674.1_cds_WP_010958741.1_251:657-1242	lmonocytogenes	328
1	GCF_003433415.1_ASM343341v1_genomic.fna.gz	NZ_CP023321.1:515820-516405	lmonocytogenes	308
1	GCF_003433415.1_ASM343341v1_cds_from_genomic.fna.gz	lcl|NZ_CP023321.1_cds_WP_045607655.1_489:657-1242	lmonocytogenes	308
1	GCF_003722375.1_ASM372237v1_genomic.fna.gz	NZ_CP033612.1:509145-509730	lmonocytogenes	1
1	GCF_003722375.1_ASM372237v1_cds_from_genomic.fna.gz	lcl|NZ_CP033612.1_cds_WP_010958741.1_483:657-1242	lmonocytogenes	1
84	GCF_003812545.1_ASM381254v1_genomic.fna.gz	NZ_CP033737.1:2370482-2372270	lmonocytogenes	794
85	GCF_003812545.1_ASM381254v1_genomic.fna.gz	NZ_CP033737.1:2388757-2389300	lmonocytogenes	794
86	GCF_003812545.1_ASM381254v1_genomic.fna.gz	NZ_CP033737.1:2427874-2428459	lmonocytogenes	794
30	GCF_003999665.1_ASM399966v1_genomic.fna.gz	NZ_CP021174.1:526531-527210	lmonocytogenes	155
11	GCF_003999665.1_ASM399966v1_genomic.fna.gz	NZ_CP021174.1:543635-547439	lmonocytogenes	155
36	GCF_004101665.1_ASM410166v1_genomic.fna.gz	NZ_CP035187.1:513240-513825	lmonocytogenes	6
87	GCF_004768685.1_ASM476868v1_genomic.fna.gz	NZ_CP038642.1:1470566-1471768	lmonocytogenes	403
88	GCF_004768685.1_ASM476868v1_genomic.fna.gz	NZ_CP038642.1:1486962-1487187	lmonocytogenes	403
89	GCF_004771195.1_ASM477119v1_genomic.fna.gz	NZ_CP029175.1:507840-508425	lmonocytogenes	101
79	GCF_004771195.1_ASM477119v1_genomic.fna.gz	NZ_CP029175.1:543382-543669	lmonocytogenes	101
90	GCF_004771195.1_ASM477119v1_genomic.fna.gz	NZ_CP029175.1:2645502-2646397	lmonocytogenes	101
46	GCF_900187225.1_51881_G01_genomic.fna.gz	NZ_LT906436.1:523269-523878	lmonocytogenes	107
47	GCF_900187225.1_51881_G01_genomic.fna.gz	NZ_LT906436.1:2599151-2601235	lmonocytogenes	107
91	GCF_900231475.1_LMNC088_complete_genome_genomic.fna.gz	NZ_LT985476.1:546477-546960	lmonocytogenes	412
92	GCF_900231475.1_LMNC088_complete_genome_genomic.fna.gz	NZ_LT985476.1:562156-563481	lmonocytogenes	412
1	GCF_900231485.1_JF5861_complete_genome_genomic.fna.gz	NZ_LT985475.1:501260-501845	lmonocytogenes	4
7	GCF_900231485.1_JF5861_complete_genome_genomic.fna.gz	NZ_LT985475.1:2104797-2105387	lmonocytogenes	4
1	GCF_900231485.1_JF5861_complete_genome_cds_from_genomic.fna.gz	lcl|NZ_LT985475.1_cds_WP_012681106.1_473:657-1242	lmonocytogenes	4
8	GCF_900231485.1_JF5861_complete_genome_cds_from_genomic.fna.gz	lcl|NZ_LT985475.1_cds_WP_105180026.1_2055:742-1313	lmonocytogenes	4
1	GCF_900275645.1_JF5203_1_genomic.fna.gz	NZ_LT985474.1:510721-511306	lmonocytogenes	1
1	GCF_900275645.1_JF5203_1_cds_from_genomic.fna.gz	lcl|NZ_LT985474.1_cds_WP_010958741.1_483:657-1242	lmonocytogenes	1
25	GCF_900637775.1_52592_D02_genomic.fna.gz	NZ_LR134400.1:283489-285574	lmonocytogenes	12
24	GCF_900637775.1_52592_D02_genomic.fna.gz	NZ_LR134402.1:473540-474085	lmonocytogenes	12
24	GCF_900637785.1_52592_C02_genomic.fna.gz	NZ_LR134397.1:523844-524389	lmonocytogenes	12
25	GCF_900637785.1_52592_C02_genomic.fna.gz	NZ_LR134397.1:2642784-2644869	lmonocytogenes	12
