1	GCF_002859405.1_ASM285940v1_genomic.fna.gz	NZ_CP015566.1:852220-852968	pmultocida_multihost	1
2	GCF_002859405.1_ASM285940v1_genomic.fna.gz	NZ_CP015566.1:2075459-2078369	pmultocida_multihost	1
3	GCF_001028205.1_ASM102820v1_genomic.fna.gz	NZ_JQEB01000003.1:15594-17183	pmultocida_multihost	44
4	GCF_001028205.1_ASM102820v1_genomic.fna.gz	NZ_JQEB01000010.1:273190-273820	pmultocida_multihost	44
5	GCF_001028205.1_ASM102820v1_genomic.fna.gz	NZ_JQEB01000024.1:97487-99743	pmultocida_multihost	44
6	GCF_002750835.1_ASM275083v1_genomic.fna.gz	NZ_NWTL01000002.1:94348-97616	pmultocida_multihost	11
7	GCF_002750835.1_ASM275083v1_genomic.fna.gz	NZ_NWTL01000004.1:173507-173954	pmultocida_multihost	11
8	GCF_002948995.1_ASM294899v1_genomic.fna.gz	NZ_CP026744.1:86734-87593	pmultocida_rirdc	39
9	GCF_002948995.1_ASM294899v1_genomic.fna.gz	NZ_CP026744.1:1021633-1022485	pmultocida_rirdc	39
10	GCF_001027805.1_ASM102780v1_genomic.fna.gz	NZ_JQAC01000001.1:97502-99810	pmultocida_multihost	44
11	GCF_001027805.1_ASM102780v1_genomic.fna.gz	NZ_JQAC01000002.1:15992-17581	pmultocida_multihost	44
11	GCF_001027805.1_ASM102780v1_genomic.fna.gz	NZ_JQAC01000008.1:273175-273805	pmultocida_multihost	44
11	GCF_900454645.1_33763_F01_genomic.fna.gz	NZ_UGSU01000002.1:292324-293192	pmultocida_rirdc	11
12	GCF_900454645.1_33763_F01_genomic.fna.gz	NZ_UGSU01000002.1:1593601-1597592	pmultocida_rirdc	11
13	GCF_003428945.1_ASM342894v1_genomic.fna.gz	NZ_CP014157.1:100896-101104	pmultocida_rirdc	129
14	GCF_003428945.1_ASM342894v1_genomic.fna.gz	NZ_CP014157.1:1502635-1503566	pmultocida_rirdc	129
15	GCF_001028225.1_ASM102822v1_genomic.fna.gz	NZ_JQEA01000006.1:15789-16874	pmultocida_multihost	44
16	GCF_001028225.1_ASM102822v1_genomic.fna.gz	NZ_JQEA01000006.1:16969-17178	pmultocida_multihost	44
17	GCF_001028225.1_ASM102822v1_genomic.fna.gz	NZ_JQEA01000006.1:67142-67290	pmultocida_multihost	44
18	GCF_001028225.1_ASM102822v1_genomic.fna.gz	NZ_JQEA01000012.1:272616-272976	pmultocida_multihost	44
19	GCF_001028225.1_ASM102822v1_genomic.fna.gz	NZ_JQEA01000012.1:273054-273290	pmultocida_multihost	44
20	GCF_001028225.1_ASM102822v1_genomic.fna.gz	NZ_JQEA01000026.1:97600-98244	pmultocida_multihost	44
21	GCF_001028225.1_ASM102822v1_genomic.fna.gz	NZ_JQEA01000026.1:98452-98780	pmultocida_multihost	44
22	GCF_001028225.1_ASM102822v1_genomic.fna.gz	NZ_JQEA01000026.1:98908-99251	pmultocida_multihost	44
23	GCF_001028225.1_ASM102822v1_genomic.fna.gz	NZ_JQEA01000026.1:99417-99684	pmultocida_multihost	44
24	GCF_001028225.1_ASM102822v1_genomic.fna.gz	NZ_JQEA01000026.1:99884-100153	pmultocida_multihost	44
25	GCF_002023985.1_ASM202398v1_genomic.fna.gz	NZ_MTIK01000003.1:112266-112566	pmultocida_rirdc	9
26	GCF_002023985.1_ASM202398v1_genomic.fna.gz	NZ_MTIK01000004.1:89872-91100	pmultocida_rirdc	9
27	GCF_002023985.1_ASM202398v1_genomic.fna.gz	NZ_MTIK01000006.1:174010-176739	pmultocida_rirdc	9
28	GCF_002083205.2_ASM208320v2_genomic.fna.gz	NZ_NBTJ02000002.1:1566299-1566687	pmultocida_rirdc	242
29	GCF_002083205.2_ASM208320v2_genomic.fna.gz	NZ_NBTJ02000002.1:2138833-2139099	pmultocida_rirdc	242
30	GCF_001857595.1_ASM185759v1_genomic.fna.gz	NZ_MDXJ01000003.1:32197-32526	pmultocida_multihost	44
31	GCF_001857595.1_ASM185759v1_genomic.fna.gz	NZ_MDXJ01000011.1:100710-101142	pmultocida_multihost	44
32	GCF_001857595.1_ASM185759v1_genomic.fna.gz	NZ_MDXJ01000022.1:97541-98051	pmultocida_multihost	44
33	GCF_001874105.1_ASM187410v1_genomic.fna.gz	NZ_LGRE01000001.1:247802-248010	pmultocida_rirdc	321
34	GCF_002859245.1_ASM285924v1_genomic.fna.gz	NZ_CP015558.1:858545-859833	pmultocida_multihost	1
35	GCF_002859245.1_ASM285924v1_genomic.fna.gz	NZ_CP015558.1:2082466-2086996	pmultocida_multihost	1
36	GCF_001930285.1_ASM193028v1_genomic.fna.gz	NZ_LQDW01000024.1:91273-96344	pmultocida_multihost	1
37	GCF_001930285.1_ASM193028v1_genomic.fna.gz	NZ_LQDW01000025.1:70176-71960	pmultocida_multihost	1
38	GCF_002083265.2_ASM208326v2_genomic.fna.gz	NZ_NBTI02000001.1:79095-79331	pmultocida_multihost	64
39	GCF_002083265.2_ASM208326v2_genomic.fna.gz	NZ_NBTI02000001.1:854119-854568	pmultocida_multihost	64
40	GCF_002083265.2_ASM208326v2_genomic.fna.gz	NZ_NBTI02000001.1:1372606-1372935	pmultocida_multihost	64
41	GCF_900636625.1_43295_B02_genomic.fna.gz	NZ_LR134298.1:265510-267820	pmultocida_multihost	42
42	GCF_900636625.1_43295_B02_genomic.fna.gz	NZ_LR134298.1:1994502-1995190	pmultocida_multihost	42
43	GCF_004286975.1_ASM428697v1_genomic.fna.gz	NZ_MAPS01000003.1:229648-229856	pmultocida_rirdc	129
44	GCF_004286975.1_ASM428697v1_genomic.fna.gz	NZ_MAPS01000005.1:178980-179971	pmultocida_rirdc	129
45	GCF_002859525.1_ASM285952v1_genomic.fna.gz	NZ_CP015572.1:246826-248114	pmultocida_multihost	1
46	GCF_002859525.1_ASM285952v1_genomic.fna.gz	NZ_CP015572.1:1522922-1523971	pmultocida_multihost	1
47	GCF_001662525.1_C48_V1_genomic.fna.gz	NZ_LODS01000001.1:100942-101150	pmultocida_rirdc	129
47	GCF_001662525.1_C48_V1_genomic.fna.gz	NZ_LODS01000004.1:16094-16604	pmultocida_rirdc	129
48	GCF_002859285.1_ASM285928v1_genomic.fna.gz	NZ_CP015560.1:259505-262595	pmultocida_multihost	1
49	GCF_002859285.1_ASM285928v1_genomic.fna.gz	NZ_CP015560.1:1487207-1488195	pmultocida_multihost	1
50	GCF_001930895.1_ASM193089v1_genomic.fna.gz	NZ_LQFV01000030.1:91297-96368	pmultocida_multihost	1
51	GCF_001930895.1_ASM193089v1_genomic.fna.gz	NZ_LQFV01000034.1:170295-171583	pmultocida_multihost	1
52	GCF_001930765.1_ASM193076v1_genomic.fna.gz	NZ_LQFL01000006.1:91313-95845	pmultocida_multihost	1
53	GCF_001930765.1_ASM193076v1_genomic.fna.gz	NZ_LQFL01000007.1:170441-171669	pmultocida_multihost	1
54	GCF_002023835.1_ASM202383v1_genomic.fna.gz	NZ_MTDZ01000001.1:183114-184402	pmultocida_multihost	12
55	GCF_002023835.1_ASM202383v1_genomic.fna.gz	NZ_MTDZ01000003.1:45326-45560	pmultocida_multihost	12
56	GCF_002023835.1_ASM202383v1_genomic.fna.gz	NZ_MTDZ01000005.1:119705-122134	pmultocida_multihost	12
57	GCF_002859465.1_ASM285946v1_genomic.fna.gz	NZ_CP015569.1:1325208-1325477	pmultocida_multihost	3
58	GCF_001027755.1_ASM102775v1_genomic.fna.gz	NZ_JQAE01000001.1:97502-98011	pmultocida_multihost	44
59	GCF_001027755.1_ASM102775v1_genomic.fna.gz	NZ_JQAE01000002.1:15992-16321	pmultocida_multihost	44
60	GCF_001027755.1_ASM102775v1_genomic.fna.gz	NZ_JQAE01000008.1:273251-274871	pmultocida_multihost	44
61	GCF_001670425.1_ASM167042v1_genomic.fna.gz	NZ_LUCX01000001.1:498144-498352	pmultocida_rirdc	129
61	GCF_001670425.1_ASM167042v1_genomic.fna.gz	NZ_LUCX01000004.1:15607-16538	pmultocida_rirdc	129
61	GCF_001027695.1_ASM102769v1_genomic.fna.gz	NZ_JQAH01000001.1:97503-98493	pmultocida_multihost	44
62	GCF_001027695.1_ASM102769v1_genomic.fna.gz	NZ_JQAH01000002.1:16054-17583	pmultocida_multihost	44
63	GCF_001027695.1_ASM102769v1_genomic.fna.gz	NZ_JQAH01000009.1:205176-205806	pmultocida_multihost	44
63	GCF_004286955.1_ASM428695v1_genomic.fna.gz	NZ_MAPQ01000002.1:229106-229314	pmultocida_rirdc	129
63	GCF_004286955.1_ASM428695v1_genomic.fna.gz	NZ_MAPQ01000005.1:15487-16718	pmultocida_rirdc	129
64	GCF_001027685.1_ASM102768v1_genomic.fna.gz	NZ_JQAI01000001.1:97502-99810	pmultocida_multihost	44
64	GCF_001027685.1_ASM102768v1_genomic.fna.gz	NZ_JQAI01000002.1:15992-17581	pmultocida_multihost	44
64	GCF_001027685.1_ASM102768v1_genomic.fna.gz	NZ_JQAI01000008.1:273175-273805	pmultocida_multihost	44
64	GCF_001929785.1_ASM192978v1_genomic.fna.gz	NZ_LQEQ01000022.1:91345-96416	pmultocida_multihost	1
65	GCF_001929785.1_ASM192978v1_genomic.fna.gz	NZ_LQEQ01000023.1:170482-171590	pmultocida_multihost	1
66	GCF_002023805.1_ASM202380v1_genomic.fna.gz	NZ_MTEC01000001.1:100065-101713	pmultocida_rirdc	298
67	GCF_002023805.1_ASM202380v1_genomic.fna.gz	NZ_MTEC01000005.1:171201-171590	pmultocida_rirdc	298
68	GCF_002023805.1_ASM202380v1_genomic.fna.gz	NZ_MTEC01000007.1:115675-115912	pmultocida_rirdc	298
69	GCF_001578435.2_ASM157843v2_genomic.fna.gz	NZ_CP007205.2:297062-298233	pmultocida_rirdc	201
70	GCF_001578435.2_ASM157843v2_genomic.fna.gz	NZ_CP007205.2:1585723-1585931	pmultocida_rirdc	201
70	GCF_002859265.1_ASM285926v1_genomic.fna.gz	NZ_CP015559.1:246368-247656	pmultocida_multihost	1
70	GCF_002859265.1_ASM285926v1_genomic.fna.gz	NZ_CP015559.1:1522463-1523512	pmultocida_multihost	1
70	GCF_001670545.1_ASM167054v1_genomic.fna.gz	NZ_LUDD01000001.1:108813-114005	pmultocida_rirdc	156
71	GCF_001670545.1_ASM167054v1_genomic.fna.gz	NZ_LUDD01000003.1:113354-114645	pmultocida_rirdc	156
72	GCF_001670545.1_ASM167054v1_genomic.fna.gz	NZ_LUDD01000004.1:173661-175971	pmultocida_rirdc	156
73	GCF_001930925.1_ASM193092v1_genomic.fna.gz	NZ_LQFY01000002.1:170441-170649	pmultocida_multihost	1
74	GCF_001930925.1_ASM193092v1_genomic.fna.gz	NZ_LQFY01000027.1:91305-94396	pmultocida_multihost	1
75	GCF_001929705.1_ASM192970v1_genomic.fna.gz	NZ_LQEL01000002.1:170342-170486	pmultocida_multihost	1
76	GCF_001929705.1_ASM192970v1_genomic.fna.gz	NZ_LQEL01000029.1:91305-96316	pmultocida_multihost	1
77	GCF_004287045.1_ASM428704v1_genomic.fna.gz	NZ_MAPP01000004.1:222315-222813	pmultocida_multihost	73
78	GCF_004287045.1_ASM428704v1_genomic.fna.gz	NZ_MAPP01000013.1:28856-29185	pmultocida_multihost	73
79	GCF_004287045.1_ASM428704v1_genomic.fna.gz	NZ_MAPP01000014.1:32-180	pmultocida_multihost	73
80	GCF_001956795.1_ASM195679v1_genomic.fna.gz	NZ_CP007040.1:35866-36298	pmultocida_rirdc	9
81	GCF_001956795.1_ASM195679v1_genomic.fna.gz	NZ_CP007040.1:352637-354767	pmultocida_rirdc	9
82	GCF_001956795.1_ASM195679v1_genomic.fna.gz	NZ_CP007040.1:1587680-1589508	pmultocida_rirdc	9
83	GCF_002859325.1_ASM285932v1_genomic.fna.gz	NZ_CP015562.1:825779-826828	pmultocida_multihost	1
84	GCF_002859325.1_ASM285932v1_genomic.fna.gz	NZ_CP015562.1:2101681-2102609	pmultocida_multihost	1
85	GCF_000754275.1_ASM75427v1_genomic.fna.gz	NZ_CP008918.1:89697-90745	pmultocida_multihost	3
86	GCF_000754275.1_ASM75427v1_genomic.fna.gz	NZ_CP008918.1:1099372-1100241	pmultocida_multihost	3
87	GCF_003268295.1_ASM326829v1_genomic.fna.gz	NZ_QLYS01000011.1:50032-51501	pmultocida_multihost	44
88	GCF_003268295.1_ASM326829v1_genomic.fna.gz	NZ_QLYS01000001.1:496786-497536	pmultocida_multihost	44
89	GCF_003268295.1_ASM326829v1_genomic.fna.gz	NZ_QLYS01000002.1:205041-205802	pmultocida_multihost	44
90	GCF_000731745.1_ASM73174v1_genomic.fna.gz	NZ_JNOL01000005.1:101024-102050	pmultocida_multihost	44
91	GCF_000731745.1_ASM73174v1_genomic.fna.gz	NZ_JNOL01000007.1:15696-16025	pmultocida_multihost	44
91	GCF_000731745.1_ASM73174v1_genomic.fna.gz	NZ_JNOL01000009.1:496833-497402	pmultocida_multihost	44
92	GCF_003402915.1_ASM340291v1_genomic.fna.gz	NZ_CP031553.1:209086-209954	pmultocida_multihost	3
93	GCF_003402915.1_ASM340291v1_genomic.fna.gz	NZ_CP031553.1:763253-764601	pmultocida_multihost	3
94	GCF_002024085.1_ASM202408v1_genomic.fna.gz	NZ_MTIL01000001.1:111529-112697	pmultocida_rirdc	9
95	GCF_002024085.1_ASM202408v1_genomic.fna.gz	NZ_MTIL01000003.1:112267-112831	pmultocida_rirdc	9
96	GCF_002024085.1_ASM202408v1_genomic.fna.gz	NZ_MTIL01000005.1:174022-176751	pmultocida_rirdc	9
96	GCF_001670445.1_ASM167044v1_genomic.fna.gz	NZ_LUCZ01000001.1:498144-498352	pmultocida_rirdc	129
96	GCF_001670445.1_ASM167044v1_genomic.fna.gz	NZ_LUCZ01000004.1:16018-16949	pmultocida_rirdc	129
96	GCF_001930385.1_ASM193038v1_genomic.fna.gz	NZ_LQEA01000004.1:91313-96265	pmultocida_multihost	1
97	GCF_001930385.1_ASM193038v1_genomic.fna.gz	NZ_LQEA01000007.1:23230-24715	pmultocida_multihost	1
98	GCF_003261475.1_ASM326147v1_genomic.fna.gz	NZ_CP026859.1:398849-399745	pmultocida_multihost	1
99	GCF_003261475.1_ASM326147v1_genomic.fna.gz	NZ_CP026859.1:1610970-1614028	pmultocida_multihost	1
100	GCF_002930775.1_ASM293077v1_genomic.fna.gz	NZ_PSQI01000018.1:50918-51875	pmultocida_rirdc	4
101	GCF_002930775.1_ASM293077v1_genomic.fna.gz	NZ_PSQI01000003.1:88648-90479	pmultocida_rirdc	4
102	GCF_002083215.2_ASM208321v2_genomic.fna.gz	NZ_NBTG02000002.1:422687-424997	pmultocida_rirdc	156
103	GCF_002083215.2_ASM208321v2_genomic.fna.gz	NZ_NBTG02000002.1:1434250-1435541	pmultocida_rirdc	156
104	GCF_002083215.2_ASM208321v2_genomic.fna.gz	NZ_NBTG02000002.1:2223850-2229042	pmultocida_rirdc	156
104	GCF_001661585.1_ASM166158v1_genomic.fna.gz	NZ_LYOX01000019.1:15551-16002	pmultocida_rirdc	129
105	GCF_001661585.1_ASM166158v1_genomic.fna.gz	NZ_LYOX01000035.1:51937-52145	pmultocida_rirdc	129
105	GCF_002859425.1_ASM285942v1_genomic.fna.gz	NZ_CP015567.1:887889-888817	pmultocida_multihost	1
106	GCF_002859425.1_ASM285942v1_genomic.fna.gz	NZ_CP015567.1:2211290-2214200	pmultocida_multihost	1
107	GCF_000973565.1_ASM97356v1_genomic.fna.gz	NZ_CP004392.1:283911-285155	pmultocida_rirdc	31
108	GCF_000973565.1_ASM97356v1_genomic.fna.gz	NZ_CP004392.1:369795-371045	pmultocida_rirdc	31
109	GCF_000973565.1_ASM97356v1_genomic.fna.gz	NZ_CP004392.1:1081979-1084588	pmultocida_rirdc	31
110	GCF_000973565.1_ASM97356v1_genomic.fna.gz	NZ_CP004392.1:2097518-2099167	pmultocida_rirdc	31
111	GCF_001930115.1_ASM193011v1_genomic.fna.gz	NZ_LQDL01000027.1:91321-94471	pmultocida_multihost	1
112	GCF_900454845.1_50465_C01_genomic.fna.gz	NZ_UGSV01000001.1:289707-292369	pmultocida_rirdc	15
113	GCF_900454845.1_50465_C01_genomic.fna.gz	NZ_UGSV01000001.1:745928-746249	pmultocida_rirdc	15
114	GCF_900454845.1_50465_C01_genomic.fna.gz	NZ_UGSV01000001.1:1514661-1515472	pmultocida_rirdc	15
115	GCF_001930445.1_ASM193044v1_genomic.fna.gz	NZ_LQEI01000028.1:91265-96217	pmultocida_multihost	1
115	GCF_001930445.1_ASM193044v1_genomic.fna.gz	NZ_LQEI01000031.1:23230-24715	pmultocida_multihost	1
115	GCF_001929565.1_ASM192956v1_genomic.fna.gz	NZ_LQDY01000004.1:91313-96265	pmultocida_multihost	1
115	GCF_001929565.1_ASM192956v1_genomic.fna.gz	NZ_LQDY01000007.1:23230-24715	pmultocida_multihost	1
115	GCF_001930605.1_ASM193060v1_genomic.fna.gz	NZ_LQFA01000037.1:91345-94913	pmultocida_multihost	1
116	GCF_001930605.1_ASM193060v1_genomic.fna.gz	NZ_LQFA01000039.1:23232-24519	pmultocida_multihost	1
117	GCF_002024005.1_ASM202400v1_genomic.fna.gz	NZ_MTIF01000003.1:112059-112359	pmultocida_rirdc	9
117	GCF_002024005.1_ASM202400v1_genomic.fna.gz	NZ_MTIF01000005.1:174019-176748	pmultocida_rirdc	9
117	GCF_002024005.1_ASM202400v1_genomic.fna.gz	NZ_MTIF01000006.1:89872-91040	pmultocida_rirdc	9
118	GCF_001929985.1_ASM192998v1_genomic.fna.gz	NZ_LQDE01000001.1:170486-170630	pmultocida_multihost	1
118	GCF_001929985.1_ASM192998v1_genomic.fna.gz	NZ_LQDE01000026.1:91297-95287	pmultocida_multihost	1
119	GCF_001929855.1_ASM192985v1_genomic.fna.gz	NZ_LQFE01000012.1:170486-170630	pmultocida_multihost	1
119	GCF_001929855.1_ASM192985v1_genomic.fna.gz	NZ_LQFE01000008.1:91313-96384	pmultocida_multihost	1
120	GCF_004286935.1_ASM428693v1_genomic.fna.gz	NZ_MBAG01000007.1:228827-229035	pmultocida_rirdc	129
120	GCF_004286935.1_ASM428693v1_genomic.fna.gz	NZ_MBAG01000016.1:31520-32511	pmultocida_rirdc	129
120	GCF_002023885.1_ASM202388v1_genomic.fna.gz	NZ_MTED01000002.1:112267-112567	pmultocida_rirdc	9
120	GCF_002023885.1_ASM202388v1_genomic.fna.gz	NZ_MTED01000003.1:173972-176701	pmultocida_rirdc	9
120	GCF_004287035.1_ASM428703v1_genomic.fna.gz	NZ_MAPR01000002.1:98965-105355	pmultocida_rirdc	5
121	GCF_004287035.1_ASM428703v1_genomic.fna.gz	NZ_MAPR01000003.1:29-1680	pmultocida_rirdc	5
122	GCF_004287035.1_ASM428703v1_genomic.fna.gz	NZ_MAPR01000005.1:246538-247630	pmultocida_rirdc	5
123	GCF_004287035.1_ASM428703v1_genomic.fna.gz	NZ_MAPR01000008.1:173557-175868	pmultocida_rirdc	5
124	GCF_004287035.1_ASM428703v1_genomic.fna.gz	NZ_MAPR01000009.1:29-177	pmultocida_rirdc	5
125	GCF_001510775.1_ASM151077v1_genomic.fna.gz	NZ_LNCO01000001.1:99063-105333	pmultocida_rirdc	128
126	GCF_001510775.1_ASM151077v1_genomic.fna.gz	NZ_LNCO01000018.1:15978-19069	pmultocida_rirdc	128
127	GCF_001510775.1_ASM151077v1_genomic.fna.gz	NZ_LNCO01000019.1:44253-46071	pmultocida_rirdc	128
128	GCF_001930065.1_ASM193006v1_genomic.fna.gz	NZ_LQDI01000038.1:91313-96324	pmultocida_multihost	1
129	GCF_001930065.1_ASM193006v1_genomic.fna.gz	NZ_LQDI01000043.1:170482-171650	pmultocida_multihost	1
130	GCF_000259545.1_ASM25954v1_genomic.fna.gz	NC_017764.1:1070686-1071133	pmultocida_multihost	10
130	GCF_000259545.1_ASM25954v1_genomic.fna.gz	NC_017764.1:1618011-1618760	pmultocida_multihost	10
131	GCF_002891825.1_ASM289182v1_genomic.fna.gz	NZ_LIUO01000007.1:89819-92668	pmultocida_multihost	1
132	GCF_002891825.1_ASM289182v1_genomic.fna.gz	NZ_LIUO01000024.1:170956-171639	pmultocida_multihost	1
133	GCF_000006825.1_ASM682v1_genomic.fna.gz	NC_002663.1:362646-364594	pmultocida_rirdc	9
134	GCF_000006825.1_ASM682v1_genomic.fna.gz	NC_002663.1:1322126-1322492	pmultocida_rirdc	9
135	GCF_000006825.1_ASM682v1_genomic.fna.gz	NC_002663.1:2080624-2082754	pmultocida_rirdc	9
136	GCF_001929595.1_ASM192959v1_genomic.fna.gz	NZ_LQEC01000017.1:70176-71404	pmultocida_multihost	1
137	GCF_001929595.1_ASM192959v1_genomic.fna.gz	NZ_LQEC01000019.1:91329-96400	pmultocida_multihost	1
137	GCF_000413135.1_P1062v2_genomic.fna.gz	NZ_CM002276.1:894431-896440	pmultocida_multihost	3
138	GCF_000413135.1_P1062v2_genomic.fna.gz	NZ_CM002276.1:1861563-1861832	pmultocida_multihost	3
139	GCF_002750875.1_ASM275087v1_genomic.fna.gz	NZ_NWTT01000001.1:82403-84651	pmultocida_rirdc	9
140	GCF_002750875.1_ASM275087v1_genomic.fna.gz	NZ_NWTT01000001.1:390573-393303	pmultocida_rirdc	9
141	GCF_002750875.1_ASM275087v1_genomic.fna.gz	NZ_NWTT01000002.1:184573-185005	pmultocida_rirdc	9
142	GCF_002859445.1_ASM285944v1_genomic.fna.gz	NZ_CP015568.1:775996-776924	pmultocida_multihost	1
142	GCF_002859445.1_ASM285944v1_genomic.fna.gz	NZ_CP015568.1:1999527-2002316	pmultocida_multihost	1
143	GCF_001027825.1_ASM102782v1_genomic.fna.gz	NZ_JQAG01000001.1:97502-98011	pmultocida_multihost	44
143	GCF_001027825.1_ASM102782v1_genomic.fna.gz	NZ_JQAG01000002.1:15992-16321	pmultocida_multihost	44
143	GCF_001027825.1_ASM102782v1_genomic.fna.gz	NZ_JQAG01000008.1:273251-274343	pmultocida_multihost	44
144	GCF_001663095.1_ASM166309v1_genomic.fna.gz	NZ_CP006976.1:336324-337253	pmultocida_multihost	1
145	GCF_001663095.1_ASM166309v1_genomic.fna.gz	NZ_CP006976.1:1610630-1611798	pmultocida_multihost	1
146	GCF_002023825.1_ASM202382v1_genomic.fna.gz	NZ_MTEB01000001.1:100065-101713	pmultocida_rirdc	298
146	GCF_002023825.1_ASM202382v1_genomic.fna.gz	NZ_MTEB01000005.1:171202-171591	pmultocida_rirdc	298
146	GCF_002023825.1_ASM202382v1_genomic.fna.gz	NZ_MTEB01000007.1:115677-116175	pmultocida_rirdc	298
147	GCF_001931115.1_ASM193111v1_genomic.fna.gz	NZ_LQGM01000013.1:170388-170897	pmultocida_multihost	1
148	GCF_001931115.1_ASM193111v1_genomic.fna.gz	NZ_LQGM01000020.1:19949-22977	pmultocida_multihost	1
149	GCF_001931145.1_ASM193114v1_genomic.fna.gz	NZ_LQGN01000031.1:91313-96384	pmultocida_multihost	1
150	GCF_001931145.1_ASM193114v1_genomic.fna.gz	NZ_LQGN01000004.1:170301-170445	pmultocida_multihost	1
150	GCF_002393385.1_ASM239338v1_genomic.fna.gz	NZ_CP023516.1:948010-952301	pmultocida_rirdc	25
151	GCF_002393385.1_ASM239338v1_genomic.fna.gz	NZ_CP023516.1:1999975-2001142	pmultocida_rirdc	25
152	GCF_002023905.1_ASM202390v1_genomic.fna.gz	NZ_MTIG01000001.1:111548-112956	pmultocida_rirdc	204
153	GCF_002023905.1_ASM202390v1_genomic.fna.gz	NZ_MTIG01000003.1:112017-112317	pmultocida_rirdc	204
153	GCF_002023905.1_ASM202390v1_genomic.fna.gz	NZ_MTIG01000005.1:15552-16300	pmultocida_rirdc	204
154	GCF_900638665.1_58798_E01_genomic.fna.gz	NZ_LR134532.1:30622-31516	pmultocida_multihost	44
155	GCF_900638665.1_58798_E01_genomic.fna.gz	NZ_LR134532.1:1065282-1065551	pmultocida_multihost	44
156	GCF_900638665.1_58798_E01_genomic.fna.gz	NZ_LR134532.1:1583642-1584151	pmultocida_multihost	44
157	GCF_003261435.1_ASM326143v1_genomic.fna.gz	NZ_CP026861.1:313030-313418	pmultocida_multihost	1
158	GCF_003261435.1_ASM326143v1_genomic.fna.gz	NZ_CP026861.1:1529090-1529358	pmultocida_multihost	1
159	GCF_003261435.1_ASM326143v1_genomic.fna.gz	NZ_CP026861.1:2311827-2312815	pmultocida_multihost	1
160	GCF_001721885.1_ASM172188v1_genomic.fna.gz	NZ_CP014618.1:217057-217986	pmultocida_multihost	1
160	GCF_001721885.1_ASM172188v1_genomic.fna.gz	NZ_CP014618.1:2276955-2278123	pmultocida_multihost	1
161	GCF_001930705.1_ASM193070v1_genomic.fna.gz	NZ_LQFJ01000030.1:170459-171983	pmultocida_multihost	1
162	GCF_001930705.1_ASM193070v1_genomic.fna.gz	NZ_LQFJ01000031.1:91345-94913	pmultocida_multihost	1
163	GCF_001931185.1_ASM193118v1_genomic.fna.gz	NZ_LQGP01000036.1:19947-22075	pmultocida_multihost	1
164	GCF_000234745.1_ASM23474v1_genomic.fna.gz	NC_016808.1:1595899-1603670	pmultocida_multihost	1
165	GCF_001027665.1_ASM102766v1_genomic.fna.gz	NZ_JQAD01000001.1:97502-99810	pmultocida_multihost	44
165	GCF_001027665.1_ASM102766v1_genomic.fna.gz	NZ_JQAD01000002.1:15992-17581	pmultocida_multihost	44
165	GCF_001027665.1_ASM102766v1_genomic.fna.gz	NZ_JQAD01000008.1:273175-273805	pmultocida_multihost	44
165	GCF_000298675.1_P1059v1_genomic.fna.gz	NZ_CM001581.1:367946-369236	pmultocida_rirdc	8
166	GCF_000298675.1_P1059v1_genomic.fna.gz	NZ_CM001581.1:2146973-2149883	pmultocida_rirdc	8
167	GCF_002750885.1_ASM275088v1_genomic.fna.gz	NZ_NWTU01000001.1:423185-423754	pmultocida_multihost	10
168	GCF_002750885.1_ASM275088v1_genomic.fna.gz	NZ_NWTU01000006.1:15480-16228	pmultocida_multihost	10
169	GCF_001929655.1_ASM192965v1_genomic.fna.gz	NZ_LQEH01000025.1:91345-96356	pmultocida_multihost	1
169	GCF_001929655.1_ASM192965v1_genomic.fna.gz	NZ_LQEH01000031.1:70176-71404	pmultocida_multihost	1
170	GCF_001931235.1_ASM193123v1_genomic.fna.gz	NZ_LQFB01000029.1:91305-96376	pmultocida_multihost	1
170	GCF_001931235.1_ASM193123v1_genomic.fna.gz	NZ_LQFB01000004.1:70176-71601	pmultocida_multihost	1
171	GCF_001931455.1_ASM193145v1_genomic.fna.gz	NZ_LQGS01000035.1:90024-92152	pmultocida_multihost	1
172	GCF_001931455.1_ASM193145v1_genomic.fna.gz	NZ_LQGS01000039.1:170174-171240	pmultocida_multihost	1
173	GCF_000469095.1_ASM46909v1_genomic.fna.gz	NZ_AWTD01000001.1:331705-332034	pmultocida_multihost	44
173	GCF_000469095.1_ASM46909v1_genomic.fna.gz	NZ_AWTD01000005.1:273088-274114	pmultocida_multihost	44
174	GCF_000469095.1_ASM46909v1_genomic.fna.gz	NZ_AWTD01000008.1:233727-234236	pmultocida_multihost	44
174	GCF_001930305.1_ASM193030v1_genomic.fna.gz	NZ_LQDS01000001.1:170301-170445	pmultocida_multihost	1
174	GCF_001930305.1_ASM193030v1_genomic.fna.gz	NZ_LQDS01000027.1:91273-96224	pmultocida_multihost	1
175	GCF_002059225.1_ASM205922v1_genomic.fna.gz	NZ_CP020345.1:886656-889385	pmultocida_rirdc	9
175	GCF_002059225.1_ASM205922v1_genomic.fna.gz	NZ_CP020345.1:1389182-1390470	pmultocida_rirdc	9
175	GCF_002059225.1_ASM205922v1_genomic.fna.gz	NZ_CP020346.1:69860-70094	pmultocida_rirdc	9
176	GCF_003402895.1_ASM340289v1_genomic.fna.gz	NZ_CP031552.1:209134-210002	pmultocida_multihost	3
176	GCF_003402895.1_ASM340289v1_genomic.fna.gz	NZ_CP031552.1:765821-767169	pmultocida_multihost	3
176	GCF_002750815.1_ASM275081v1_genomic.fna.gz	NZ_NWTS01000001.1:525553-526662	pmultocida_rirdc	74
177	GCF_002750815.1_ASM275081v1_genomic.fna.gz	NZ_NWTS01000005.1:173676-174123	pmultocida_rirdc	74
177	GCF_002023935.1_ASM202393v1_genomic.fna.gz	NZ_MTEE01000001.1:562992-563741	pmultocida_multihost	10
177	GCF_002023935.1_ASM202393v1_genomic.fna.gz	NZ_MTEE01000005.1:15506-16374	pmultocida_multihost	10
178	GCF_002859385.1_ASM285938v1_genomic.fna.gz	NZ_CP015565.1:854696-855624	pmultocida_multihost	1
178	GCF_002859385.1_ASM285938v1_genomic.fna.gz	NZ_CP015565.1:2078209-2081059	pmultocida_multihost	1
179	GCF_002023845.1_ASM202384v1_genomic.fna.gz	NZ_MTEA01000001.1:183096-184384	pmultocida_multihost	12
179	GCF_002023845.1_ASM202384v1_genomic.fna.gz	NZ_MTEA01000003.1:45326-45560	pmultocida_multihost	12
179	GCF_002023845.1_ASM202384v1_genomic.fna.gz	NZ_MTEA01000005.1:119705-122134	pmultocida_multihost	12
179	GCF_001930875.1_ASM193087v1_genomic.fna.gz	NZ_LQFT01000001.1:91329-96220	pmultocida_multihost	1
180	GCF_001930875.1_ASM193087v1_genomic.fna.gz	NZ_LQFT01000005.1:170338-170546	pmultocida_multihost	1
181	GCF_002859545.1_ASM285954v1_genomic.fna.gz	NZ_CP015573.1:857186-858474	pmultocida_multihost	1
181	GCF_002859545.1_ASM285954v1_genomic.fna.gz	NZ_CP015573.1:2081107-2085637	pmultocida_multihost	1
181	GCF_002859305.1_ASM285930v1_genomic.fna.gz	NZ_CP015561.1:842454-843442	pmultocida_multihost	1
182	GCF_002859305.1_ASM285930v1_genomic.fna.gz	NZ_CP015561.1:2068045-2071135	pmultocida_multihost	1
183	GCF_003061385.1_ASM306138v1_genomic.fna.gz	NZ_CP028927.1:362106-364236	pmultocida_rirdc	9
184	GCF_003061385.1_ASM306138v1_genomic.fna.gz	NZ_CP028927.1:1321394-1321628	pmultocida_rirdc	9
185	GCF_003061385.1_ASM306138v1_genomic.fna.gz	NZ_CP028927.1:2128874-2130705	pmultocida_rirdc	9
186	GCF_002900115.1_ASM290011v1_genomic.fna.gz	NZ_LLKR01000064.1:246762-246970	pmultocida_rirdc	321
186	GCF_001029495.1_ASM102949v1_genomic.fna.gz	NZ_JQAO01000001.1:92207-93316	pmultocida_multihost	44
187	GCF_001029495.1_ASM102949v1_genomic.fna.gz	NZ_JQAO01000002.1:16054-17883	pmultocida_multihost	44
188	GCF_001029495.1_ASM102949v1_genomic.fna.gz	NZ_JQAO01000009.1:205176-205937	pmultocida_multihost	44
188	GCF_002024065.1_ASM202406v1_genomic.fna.gz	NZ_MTIE01000003.1:112267-112765	pmultocida_rirdc	9
189	GCF_002024065.1_ASM202406v1_genomic.fna.gz	NZ_MTIE01000004.1:89872-91040	pmultocida_rirdc	9
189	GCF_002024065.1_ASM202406v1_genomic.fna.gz	NZ_MTIE01000006.1:174022-176751	pmultocida_rirdc	9
189	GCF_000255915.1_ASM25591v1_genomic.fna.gz	NC_017027.1:341386-341833	pmultocida_multihost	11
190	GCF_000255915.1_ASM25591v1_genomic.fna.gz	NC_017027.1:1613481-1614770	pmultocida_multihost	11
191	GCF_002073255.2_ASM207325v2_genomic.fna.gz	NZ_CP020405.2:169416-170706	pmultocida_rirdc	8
192	GCF_002073255.2_ASM207325v2_genomic.fna.gz	NZ_CP020405.2:1190157-1193067	pmultocida_rirdc	8
192	GCF_900115485.1_IMG-taxon_2684623041_annotated_assembly_genomic.fna.gz	NZ_FOWO01000004.1:42-491	pmultocida_multihost	42
193	GCF_900115485.1_IMG-taxon_2684623041_annotated_assembly_genomic.fna.gz	NZ_FOWO01000005.1:27468-28156	pmultocida_multihost	42
194	GCF_900115485.1_IMG-taxon_2684623041_annotated_assembly_genomic.fna.gz	NZ_FOWO01000009.1:20-588	pmultocida_multihost	42
195	GCF_900115485.1_IMG-taxon_2684623041_annotated_assembly_genomic.fna.gz	NZ_FOWO01000009.1:787-1176	pmultocida_multihost	42
196	GCF_001930525.1_ASM193052v1_genomic.fna.gz	NZ_LQET01000001.1:170482-170690	pmultocida_multihost	1
196	GCF_001930525.1_ASM193052v1_genomic.fna.gz	NZ_LQET01000029.1:91297-96188	pmultocida_multihost	1
196	GCF_001929905.1_ASM192990v1_genomic.fna.gz	NZ_LQCZ01000024.1:91345-96295	pmultocida_multihost	1
197	GCF_001929905.1_ASM192990v1_genomic.fna.gz	NZ_LQCZ01000026.1:170486-170630	pmultocida_multihost	1
197	GCF_003402875.1_ASM340287v1_genomic.fna.gz	NZ_CP031551.1:209135-210003	pmultocida_multihost	3
197	GCF_003402875.1_ASM340287v1_genomic.fna.gz	NZ_CP031551.1:765809-767157	pmultocida_multihost	3
197	GCF_002073295.2_ASM207329v2_genomic.fna.gz	NZ_CP020403.2:852988-854344	pmultocida_rirdc	60
198	GCF_002073295.2_ASM207329v2_genomic.fna.gz	NZ_CP020403.2:1621063-1622952	pmultocida_rirdc	60
199	GCF_002073295.2_ASM207329v2_genomic.fna.gz	NZ_CP020403.2:2191838-2193366	pmultocida_rirdc	60
200	GCF_001670535.1_ASM167053v1_genomic.fna.gz	NZ_LUDE01000001.1:99058-103767	pmultocida_rirdc	159
201	GCF_001670535.1_ASM167053v1_genomic.fna.gz	NZ_LUDE01000003.1:246154-248368	pmultocida_rirdc	159
202	GCF_001670535.1_ASM167053v1_genomic.fna.gz	NZ_LUDE01000004.1:173746-177197	pmultocida_rirdc	159
203	GCF_000298655.1_X73v1_genomic.fna.gz	NZ_CM001580.1:366391-367919	pmultocida_rirdc	60
203	GCF_000298655.1_X73v1_genomic.fna.gz	NZ_CM001580.1:1312111-1313467	pmultocida_rirdc	60
203	GCF_000298655.1_X73v1_genomic.fna.gz	NZ_CM001580.1:2067208-2069097	pmultocida_rirdc	60
203	GCF_002024045.1_ASM202404v1_genomic.fna.gz	NZ_MTIJ01000001.1:111529-112757	pmultocida_rirdc	9
204	GCF_002024045.1_ASM202404v1_genomic.fna.gz	NZ_MTIJ01000003.1:112227-112461	pmultocida_rirdc	9
205	GCF_002024045.1_ASM202404v1_genomic.fna.gz	NZ_MTIJ01000004.1:15539-17308	pmultocida_rirdc	9
206	GCF_003402935.1_ASM340293v1_genomic.fna.gz	NZ_CP031554.1:209134-210002	pmultocida_multihost	3
206	GCF_003402935.1_ASM340293v1_genomic.fna.gz	NZ_CP031554.1:765523-766871	pmultocida_multihost	3
206	GCF_001931265.1_ASM193126v1_genomic.fna.gz	NZ_LQFH01000034.1:91305-94873	pmultocida_multihost	1
206	GCF_001931265.1_ASM193126v1_genomic.fna.gz	NZ_LQFH01000037.1:23232-24520	pmultocida_multihost	1
207	GCF_001670525.1_ASM167052v1_genomic.fna.gz	NZ_LUDC01000001.1:525624-527933	pmultocida_rirdc	53
208	GCF_001670525.1_ASM167052v1_genomic.fna.gz	NZ_LUDC01000002.1:191249-192495	pmultocida_rirdc	53
209	GCF_001670525.1_ASM167052v1_genomic.fna.gz	NZ_LUDC01000002.1:277342-278371	pmultocida_rirdc	53
210	GCF_001670525.1_ASM167052v1_genomic.fna.gz	NZ_LUDC01000005.1:10966-12615	pmultocida_rirdc	53
211	GCF_001929525.1_ASM192952v1_genomic.fna.gz	NZ_LQDQ01000031.1:91313-95123	pmultocida_multihost	1
212	GCF_002859485.1_ASM285948v1_genomic.fna.gz	NZ_CP015570.1:259486-262456	pmultocida_multihost	1
213	GCF_002859485.1_ASM285948v1_genomic.fna.gz	NZ_CP015570.1:1485022-1485950	pmultocida_multihost	1
214	GCF_002023925.1_ASM202392v1_genomic.fna.gz	NZ_MTII01000005.1:16168-16615	pmultocida_multihost	11
214	GCF_002023925.1_ASM202392v1_genomic.fna.gz	NZ_MTII01000006.1:99458-100687	pmultocida_multihost	11
215	GCF_002024015.1_ASM202401v1_genomic.fna.gz	NZ_MTIH01000001.1:111529-112817	pmultocida_rirdc	9
215	GCF_002024015.1_ASM202401v1_genomic.fna.gz	NZ_MTIH01000003.1:112263-112497	pmultocida_rirdc	9
215	GCF_002024015.1_ASM202401v1_genomic.fna.gz	NZ_MTIH01000004.1:174018-176747	pmultocida_rirdc	9
215	GCF_000731735.1_ASM73173v1_genomic.fna.gz	NZ_JNOK01000005.1:101132-102158	pmultocida_multihost	44
215	GCF_000731735.1_ASM73173v1_genomic.fna.gz	NZ_JNOK01000007.1:15698-16027	pmultocida_multihost	44
215	GCF_000731735.1_ASM73173v1_genomic.fna.gz	NZ_JNOK01000009.1:496931-497500	pmultocida_multihost	44
215	GCF_001027735.1_ASM102773v1_genomic.fna.gz	NZ_JQAB01000001.1:97502-99810	pmultocida_multihost	44
215	GCF_001027735.1_ASM102773v1_genomic.fna.gz	NZ_JQAB01000002.1:15992-17581	pmultocida_multihost	44
215	GCF_001027735.1_ASM102773v1_genomic.fna.gz	NZ_JQAB01000008.1:273175-273805	pmultocida_multihost	44
215	GCF_001929465.1_ASM192946v1_genomic.fna.gz	NZ_LQDC01000026.1:91305-95115	pmultocida_multihost	1
215	GCF_001929465.1_ASM192946v1_genomic.fna.gz	NZ_LQDC01000030.1:17443-18808	pmultocida_multihost	1
216	GCF_001931225.1_ASM193122v1_genomic.fna.gz	NZ_LQGR01000022.1:19945-22614	pmultocida_multihost	1
217	GCF_001931225.1_ASM193122v1_genomic.fna.gz	NZ_LQGR01000026.1:170341-171586	pmultocida_multihost	1
218	GCF_002817545.1_ASM281754v1_genomic.fna.gz	NZ_KZ454982.1:95085-98473	pmultocida_multihost	11
219	GCF_002817545.1_ASM281754v1_genomic.fna.gz	NZ_NQMU01000008.1:173505-173952	pmultocida_multihost	11
219	GCF_002023945.1_ASM202394v1_genomic.fna.gz	NZ_MTEF01000001.1:91552-92840	pmultocida_multihost	12
219	GCF_002023945.1_ASM202394v1_genomic.fna.gz	NZ_MTEF01000003.1:112267-112435	pmultocida_multihost	12
220	GCF_002023945.1_ASM202394v1_genomic.fna.gz	NZ_MTEF01000004.1:173996-176425	pmultocida_multihost	12
220	GCF_002891845.1_ASM289184v1_genomic.fna.gz	NZ_LIUN01000001.1:89930-91150	pmultocida_multihost	1
221	GCF_002891845.1_ASM289184v1_genomic.fna.gz	NZ_LIUN01000001.1:91492-92422	pmultocida_multihost	1
222	GCF_001670775.1_ASM167077v1_genomic.fna.gz	NZ_LUDB01000001.1:110516-113426	pmultocida_rirdc	8
222	GCF_001670775.1_ASM167077v1_genomic.fna.gz	NZ_LUDB01000004.1:173586-174876	pmultocida_rirdc	8
222	GCF_004286945.1_ASM428694v1_genomic.fna.gz	NZ_MANI01000002.1:102077-102285	pmultocida_rirdc	129
222	GCF_004286945.1_ASM428694v1_genomic.fna.gz	NZ_MANI01000005.1:178969-179479	pmultocida_rirdc	129
223	GCF_004114645.1_ASM411464v1_genomic.fna.gz	NZ_SDAS01000001.1:97540-99848	pmultocida_multihost	44
223	GCF_004114645.1_ASM411464v1_genomic.fna.gz	NZ_SDAS01000010.1:16117-17706	pmultocida_multihost	44
223	GCF_004114645.1_ASM411464v1_genomic.fna.gz	NZ_SDAS01000002.1:273166-273796	pmultocida_multihost	44
223	GCF_001930405.1_ASM193040v1_genomic.fna.gz	NZ_LQEE01000026.1:170486-170630	pmultocida_multihost	1
223	GCF_001930405.1_ASM193040v1_genomic.fna.gz	NZ_LQEE01000027.1:91345-96296	pmultocida_multihost	1
223	GCF_001670435.1_ASM167043v1_genomic.fna.gz	NZ_LUDA01000001.1:96758-98647	pmultocida_rirdc	60
223	GCF_001670435.1_ASM167043v1_genomic.fna.gz	NZ_LUDA01000003.1:112806-114162	pmultocida_rirdc	60
224	GCF_001670435.1_ASM167043v1_genomic.fna.gz	NZ_LUDA01000004.1:173665-175193	pmultocida_rirdc	60
225	GCF_000512395.1_ASM51239v1_genomic.fna.gz	NZ_CP003328.1:288202-288950	pmultocida_multihost	3
226	GCF_000512395.1_ASM51239v1_genomic.fna.gz	NZ_CP003328.1:1549119-1550407	pmultocida_multihost	3
227	GCF_001874445.1_ASM187444v1_genomic.fna.gz	NZ_CP017961.1:192839-193403	pmultocida_multihost	44
228	GCF_001874445.1_ASM187444v1_genomic.fna.gz	NZ_CP017961.1:971682-972251	pmultocida_multihost	44
229	GCF_001874445.1_ASM187444v1_genomic.fna.gz	NZ_CP017961.1:1490291-1490620	pmultocida_multihost	44
229	GCF_001670455.1_ASM167045v1_genomic.fna.gz	NZ_LUCY01000001.1:498135-498523	pmultocida_rirdc	129
230	GCF_001670455.1_ASM167045v1_genomic.fna.gz	NZ_LUCY01000004.1:16018-17189	pmultocida_rirdc	129
231	GCF_001930465.1_ASM193046v1_genomic.fna.gz	NZ_LQEN01000006.1:91321-96392	pmultocida_multihost	1
231	GCF_001930465.1_ASM193046v1_genomic.fna.gz	NZ_LQEN01000007.1:70176-71541	pmultocida_multihost	1
232	GCF_002859345.1_ASM285934v1_genomic.fna.gz	NZ_CP015563.1:852533-853461	pmultocida_multihost	1
232	GCF_002859345.1_ASM285934v1_genomic.fna.gz	NZ_CP015563.1:2075976-2078886	pmultocida_multihost	1
232	GCF_002930755.1_ASM293075v1_genomic.fna.gz	NZ_PSQH01000001.1:505541-506592	pmultocida_rirdc	4
233	GCF_002930755.1_ASM293075v1_genomic.fna.gz	NZ_PSQH01000003.1:50900-51857	pmultocida_rirdc	4
233	GCF_002930755.1_ASM293075v1_genomic.fna.gz	NZ_PSQH01000007.1:30-719	pmultocida_rirdc	4
234	GCF_002930755.1_ASM293075v1_genomic.fna.gz	NZ_PSQH01000012.1:27771-29601	pmultocida_rirdc	4
235	GCF_900187275.1_51765_F01_genomic.fna.gz	NZ_LT906458.1:288420-289349	pmultocida_multihost	3
236	GCF_900187275.1_51765_F01_genomic.fna.gz	NZ_LT906458.1:1549695-1550743	pmultocida_multihost	3
236	GCF_000296345.2_ASM29634v2_genomic.fna.gz	NZ_ALYC02000001.1:91658-93007	pmultocida_multihost	44
237	GCF_000296345.2_ASM29634v2_genomic.fna.gz	NZ_ALYC02000018.1:34-1378	pmultocida_multihost	44
238	GCF_000296345.2_ASM29634v2_genomic.fna.gz	NZ_ALYC02000036.1:15997-16324	pmultocida_multihost	44
239	GCF_000296345.2_ASM29634v2_genomic.fna.gz	NZ_ALYC02000046.1:5454-6083	pmultocida_multihost	44
240	GCF_002859365.1_ASM285936v1_genomic.fna.gz	NZ_CP015564.1:850806-851554	pmultocida_multihost	1
240	GCF_002859365.1_ASM285936v1_genomic.fna.gz	NZ_CP015564.1:2074015-2076925	pmultocida_multihost	1
240	GCF_002591295.1_ASM259129v1_genomic.fna.gz	NZ_CP023972.1:1017342-1021633	pmultocida_rirdc	25
240	GCF_002591295.1_ASM259129v1_genomic.fna.gz	NZ_CP023972.1:2069304-2070471	pmultocida_rirdc	25
240	GCF_001670555.1_ASM167055v1_genomic.fna.gz	NZ_LUDF01000004.1:94499-95248	pmultocida_multihost	10
241	GCF_001670555.1_ASM167055v1_genomic.fna.gz	NZ_LUDF01000010.1:26355-26742	pmultocida_multihost	10
242	GCF_001027815.1_ASM102781v1_genomic.fna.gz	NZ_JQAF01000001.1:97502-98011	pmultocida_multihost	44
242	GCF_001027815.1_ASM102781v1_genomic.fna.gz	NZ_JQAF01000002.1:15992-16321	pmultocida_multihost	44
242	GCF_001027815.1_ASM102781v1_genomic.fna.gz	NZ_JQAF01000008.1:273251-274343	pmultocida_multihost	44
242	GCF_001929765.1_ASM192976v1_genomic.fna.gz	NZ_LQES01000021.1:91297-94388	pmultocida_multihost	1
242	GCF_001929765.1_ASM192976v1_genomic.fna.gz	NZ_LQES01000025.1:170482-170690	pmultocida_multihost	1
242	GCF_900478175.1_33787_E01_genomic.fna.gz	NZ_LS483473.1:1051205-1052195	pmultocida_rirdc	130
243	GCF_900478175.1_33787_E01_genomic.fna.gz	NZ_LS483473.1:1586900-1587528	pmultocida_rirdc	130
244	GCF_001930965.1_ASM193096v1_genomic.fna.gz	NZ_LQGB01000038.1:19949-28079	pmultocida_multihost	1
245	GCF_001930965.1_ASM193096v1_genomic.fna.gz	NZ_LQGB01000041.1:23236-25742	pmultocida_multihost	1
246	GCF_000412075.1_Pmultocida_hybrid671-90_genomic.fna.gz	NZ_ARWR01000001.1:89360-90409	pmultocida_multihost	7
247	GCF_000412075.1_Pmultocida_hybrid671-90_genomic.fna.gz	NZ_ARWR01000005.1:15475-16163	pmultocida_multihost	7
248	GCF_900454565.1_58643_B01_genomic.fna.gz	NZ_UGSW01000003.1:292042-292791	pmultocida_rirdc	54
249	GCF_900454565.1_58643_B01_genomic.fna.gz	NZ_UGSW01000003.1:377347-378028	pmultocida_rirdc	54
250	GCF_900454565.1_58643_B01_genomic.fna.gz	NZ_UGSW01000004.1:184093-186461	pmultocida_rirdc	54
251	GCF_900454565.1_58643_B01_genomic.fna.gz	NZ_UGSW01000001.1:507105-508153	pmultocida_rirdc	54
252	GCF_001028245.1_ASM102824v1_genomic.fna.gz	NZ_JPHI01000001.1:97502-99810	pmultocida_multihost	44
252	GCF_001028245.1_ASM102824v1_genomic.fna.gz	NZ_JPHI01000002.1:15992-17581	pmultocida_multihost	44
252	GCF_001028245.1_ASM102824v1_genomic.fna.gz	NZ_JPHI01000008.1:273146-273776	pmultocida_multihost	44
252	GCF_002893985.1_ASM289398v1_genomic.fna.gz	NZ_LIUP01000024.1:28908-29177	pmultocida_multihost	44
252	GCF_002893985.1_ASM289398v1_genomic.fna.gz	NZ_LIUP01000026.1:499083-499412	pmultocida_multihost	44
253	GCF_002893985.1_ASM289398v1_genomic.fna.gz	NZ_LIUP01000028.1:70258-70954	pmultocida_multihost	44
254	GCF_001931155.1_ASM193115v1_genomic.fna.gz	NZ_LQGO01000011.1:170174-171240	pmultocida_multihost	1
255	GCF_001931155.1_ASM193115v1_genomic.fna.gz	NZ_LQGO01000007.1:19949-22077	pmultocida_multihost	1
