1	GCF_000217215.1_CLC_glsol107_genomic.fna.gz	NZ_AFKC01000105.1:7684-7939	leptospira_3	2
2	GCF_000244355.1_LweiUI13098v0.2_genomic.fna.gz	NZ_AHNU02000065.1:60284-60739	leptospira	190
3	GCF_000244355.1_LweiUI13098v0.2_genomic.fna.gz	NZ_AHNU02000065.1:87765-88768	leptospira	190
4	GCF_000244355.1_LweiUI13098v0.2_genomic.fna.gz	NZ_AHNU02000045.1:18180-18392	leptospira	190
5	GCF_000244355.1_LweiUI13098v0.2_genomic.fna.gz	NZ_AHNU02000043.1:53727-54180	leptospira	190
6	GCF_000306175.1_gls454018v2.0_genomic.fna.gz	NZ_AKXD02000049.1:33384-33998	leptospira_2	150
7	GCF_000306175.1_gls454018v2.0_genomic.fna.gz	NZ_AKXD02000032.1:86468-86718	leptospira_2	150
8	GCF_000306175.1_gls454018v2.0_genomic.fna.gz	NZ_AKXD02000020.1:31627-31809	leptospira_2	150
9	GCF_000216275.1_gls454039v2.0_genomic.fna.gz	NZ_AFLX02000026.1:101037-101652	leptospira_2	154
10	GCF_000216275.1_gls454039v2.0_genomic.fna.gz	NZ_AFLX02000021.1:53129-53340	leptospira_2	154
11	GCF_000216275.1_gls454039v2.0_genomic.fna.gz	NZ_AFLX02000019.1:169840-170235	leptospira_2	154
12	GCF_000216275.1_gls454039v2.0_genomic.fna.gz	NZ_AFLX02000005.1:153027-153890	leptospira_2	154
13	GCF_000216275.1_gls454039v2.0_genomic.fna.gz	NZ_AFLX02000001.1:13521-13856	leptospira_2	154
14	GCF_001568885.1_ASM156888v1_genomic.fna.gz	NZ_JQPZ01000138.1:0-245	leptospira	1
15	GCF_001568885.1_ASM156888v1_genomic.fna.gz	NZ_JQPZ01000138.1:740-991	leptospira	1
16	GCF_001568885.1_ASM156888v1_genomic.fna.gz	NZ_JQPZ01000138.1:1103-1426	leptospira	1
17	GCF_001568885.1_ASM156888v1_genomic.fna.gz	NZ_JQPZ01000214.1:329-572	leptospira	1
18	GCF_002009725.1_ASM200972v1_genomic.fna.gz	NZ_JQHI01000006.1:26251-27362	leptospira	127
19	GCF_002009725.1_ASM200972v1_genomic.fna.gz	NZ_JQHI01000125.1:20800-21342	leptospira	127
20	GCF_002009725.1_ASM200972v1_genomic.fna.gz	NZ_JQHI01000193.1:2776-2954	leptospira	127
21	GCF_002009725.1_ASM200972v1_genomic.fna.gz	NZ_JQHI01000263.1:1099-1426	leptospira	127
22	GCF_000343615.1_CA_glsol103_genomic.fna.gz	NZ_AOVT01000066.1:4936-5207	leptospira	17
23	GCF_000343615.1_CA_glsol103_genomic.fna.gz	NZ_AOVT01000075.1:11069-11324	leptospira	17
24	GCF_001293065.1_ASM129306v1_genomic.fna.gz	NZ_CP012603.1:3284964-3285793	leptospira_2	6
25	GCF_001293065.1_ASM129306v1_genomic.fna.gz	NZ_CP012603.1:3287149-3287392	leptospira_2	6
26	GCF_001293065.1_ASM129306v1_genomic.fna.gz	NZ_CP012603.1:3288308-3288628	leptospira_2	6
27	GCF_001293065.1_ASM129306v1_genomic.fna.gz	NZ_CP012603.1:3288786-3289110	leptospira_2	6
28	GCF_000244735.1_gls454179v2.0_genomic.fna.gz	NZ_AHON02000067.1:386-1572	leptospira_2	172
29	GCF_000244735.1_gls454179v2.0_genomic.fna.gz	NZ_AHON02000049.1:19237-19693	leptospira_2	172
30	GCF_000244735.1_gls454179v2.0_genomic.fna.gz	NZ_AHON02000042.1:48649-49898	leptospira_2	172
31	GCF_000244735.1_gls454179v2.0_genomic.fna.gz	NZ_AHON02000028.1:2719-3865	leptospira_2	172
32	GCF_001568965.1_ASM156896v1_genomic.fna.gz	NZ_JQQI01000180.1:341-947	leptospira	36
33	GCF_001568965.1_ASM156896v1_genomic.fna.gz	NZ_JQQI01000252.1:117-436	leptospira	36
34	GCF_001568735.1_ASM156873v1_genomic.fna.gz	NZ_JQPL01000029.1:17530-18067	leptospira_2	230
35	GCF_001568735.1_ASM156873v1_genomic.fna.gz	NZ_JQPL01000029.1:19104-19568	leptospira_2	230
36	GCF_001568415.1_ASM156841v1_genomic.fna.gz	NZ_JQRR01000009.1:22570-23023	leptospira_2	268
37	GCF_001568415.1_ASM156841v1_genomic.fna.gz	NZ_JQRR01000026.1:12-160	leptospira_2	268
38	GCF_001568415.1_ASM156841v1_genomic.fna.gz	NZ_JQRR01000110.1:38383-38534	leptospira_2	268
39	GCF_001568415.1_ASM156841v1_genomic.fna.gz	NZ_JQRR01000147.1:21064-21642	leptospira_2	268
40	GCF_001568415.1_ASM156841v1_genomic.fna.gz	NZ_JQRR01000156.1:1840-2722	leptospira_2	268
41	GCF_000217415.1_CLC_glsol079_genomic.fna.gz	NZ_AFJP01000282.1:2509-2764	leptospira_3	2
41	GCF_001568285.1_ASM156828v1_genomic.fna.gz	NZ_JQQR01000160.1:9165-9486	leptospira	95
42	GCF_001568285.1_ASM156828v1_genomic.fna.gz	NZ_JQQR01000160.1:10649-11544	leptospira	95
43	GCF_001568405.1_ASM156840v1_genomic.fna.gz	NZ_JQRQ01000001.1:20961-21660	leptospira_2	267
44	GCF_001568405.1_ASM156840v1_genomic.fna.gz	NZ_JQRQ01000037.1:52739-53073	leptospira_2	267
45	GCF_001568405.1_ASM156840v1_genomic.fna.gz	NZ_JQRQ01000102.1:1840-2479	leptospira_2	267
46	GCF_001022315.1_ASM102231v1_genomic.fna.gz	NZ_LCZF01000050.1:9404-9729	leptospira_3	17
47	GCF_001022315.1_ASM102231v1_genomic.fna.gz	NZ_LCZF01000050.1:9885-10348	leptospira_3	17
48	GCF_001650015.1_ASM165001v1_genomic.fna.gz	NZ_LUVO01000319.1:686-1586	leptospira	50
49	GCF_000306255.2_gls454059v02_genomic.fna.gz	NZ_AKWY02000022.1:56236-57198	leptospira	171
50	GCF_000306255.2_gls454059v02_genomic.fna.gz	NZ_AKWY02000021.1:48414-48952	leptospira	171
51	GCF_000306255.2_gls454059v02_genomic.fna.gz	NZ_AKWY02000021.1:315673-316283	leptospira	171
52	GCF_000306255.2_gls454059v02_genomic.fna.gz	NZ_AKWY02000021.1:423776-424171	leptospira	171
53	GCF_000306255.2_gls454059v02_genomic.fna.gz	NZ_AKWY02000014.1:7600-7996	leptospira	171
54	GCF_000306255.2_gls454059v02_genomic.fna.gz	NZ_AKWY02000003.1:55924-56687	leptospira	171
55	GCF_001417585.1_ASM141758v1_genomic.fna.gz	NZ_LIHE01000018.1:25059-25674	leptospira_2	3
56	GCF_001417585.1_ASM141758v1_genomic.fna.gz	NZ_LIHE01000018.1:26094-27496	leptospira_2	3
57	GCF_001417585.1_ASM141758v1_genomic.fna.gz	NZ_LIHE01000018.1:27652-28120	leptospira_2	3
58	GCF_001417585.1_ASM141758v1_genomic.fna.gz	NZ_LIHE01000316.1:46-1302	leptospira_2	3
59	GCF_002018145.1_ASM201814v1_genomic.fna.gz	NZ_MVIS01000038.1:24904-25075	leptospira_3	94
60	GCF_000350585.1_gls454073v01_genomic.fna.gz	NZ_AOUB01000009.1:4654-5757	leptospira_2	189
61	GCF_000350585.1_gls454073v01_genomic.fna.gz	NZ_AOUB01000010.1:10940-11885	leptospira_2	189
62	GCF_000350585.1_gls454073v01_genomic.fna.gz	NZ_AOUB01000126.1:7856-8680	leptospira_2	189
63	GCF_000350585.1_gls454073v01_genomic.fna.gz	NZ_AOUB01000222.1:187-1156	leptospira_2	189
64	GCF_000350585.1_gls454073v01_genomic.fna.gz	NZ_AOUB01000245.1:22728-23625	leptospira_2	189
65	GCF_000350585.1_gls454073v01_genomic.fna.gz	NZ_AOUB01000278.1:473-1442	leptospira_2	189
66	GCF_000347115.1_gls454033v01_genomic.fna.gz	NZ_ANMW01000023.1:7528-7696	leptospira	51
67	GCF_000347115.1_gls454033v01_genomic.fna.gz	NZ_ANMW01000068.1:45569-46033	leptospira	51
68	GCF_000347115.1_gls454033v01_genomic.fna.gz	NZ_ANMW01000068.1:46199-47229	leptospira	51
69	GCF_000347115.1_gls454033v01_genomic.fna.gz	NZ_ANMW01000068.1:93307-93528	leptospira	51
70	GCF_000306135.1_gls454069v2.0_genomic.fna.gz	NZ_AKWU02000024.1:20650-21766	leptospira_2	3
71	GCF_000306135.1_gls454069v2.0_genomic.fna.gz	NZ_AKWU02000024.1:21922-22390	leptospira_2	3
71	GCF_000216975.1_CLC_glsol122_genomic.fna.gz	NZ_AFKO01000187.1:6920-7175	leptospira_3	2
71	GCF_000244415.1_LintUT364v0.2_genomic.fna.gz	NZ_AHNX02000279.1:230-623	leptospira	38
72	GCF_000343775.1_CA_glsol148_genomic.fna.gz	NZ_AOVG01000061.1:7936-8191	leptospira	17
72	GCF_000343775.1_CA_glsol148_genomic.fna.gz	NZ_AOVG01000097.1:79046-79317	leptospira	17
72	GCF_000246115.1_CLC_glsol033_genomic.fna.gz	NZ_AHPX01000289.1:325-1225	leptospira	50
72	GCF_000246115.1_CLC_glsol033_genomic.fna.gz	NZ_AHPX01000078.1:7502-7898	leptospira	50
73	GCF_000246335.1_CLC_glsol059_genomic.fna.gz	NZ_AHQI01000408.1:1522-1774	leptospira_3	98
74	GCF_000246335.1_CLC_glsol059_genomic.fna.gz	NZ_AHQI01000394.1:11638-11891	leptospira_3	98
75	GCF_000246335.1_CLC_glsol059_genomic.fna.gz	NZ_AHQI01000345.1:582-836	leptospira_3	98
76	GCF_000246335.1_CLC_glsol059_genomic.fna.gz	NZ_AHQI01000291.1:4218-4441	leptospira_3	98
77	GCF_000246335.1_CLC_glsol059_genomic.fna.gz	NZ_AHQI01000155.1:624-793	leptospira_3	98
78	GCF_000246335.1_CLC_glsol059_genomic.fna.gz	NZ_AHQI01000053.1:1391-1569	leptospira_3	98
79	GCF_000246335.1_CLC_glsol059_genomic.fna.gz	NZ_AHQI01000027.1:7646-7896	leptospira_3	98
80	GCF_000244675.1_gls454175v2.0_genomic.fna.gz	NZ_AHOK02000047.1:16769-17096	leptospira_2	170
81	GCF_000244675.1_gls454175v2.0_genomic.fna.gz	NZ_AHOK02000028.1:82857-84203	leptospira_2	170
82	GCF_000244675.1_gls454175v2.0_genomic.fna.gz	NZ_AHOK02000026.1:49012-49650	leptospira_2	170
83	GCF_000244675.1_gls454175v2.0_genomic.fna.gz	NZ_AHOK02000012.1:29280-29552	leptospira_2	170
84	GCF_000244675.1_gls454175v2.0_genomic.fna.gz	NZ_AHOK02000012.1:136540-137240	leptospira_2	170
85	GCF_001568685.1_ASM156868v1_genomic.fna.gz	NZ_JQPG01000146.1:0-245	leptospira	1
85	GCF_001568685.1_ASM156868v1_genomic.fna.gz	NZ_JQPG01000146.1:740-991	leptospira	1
85	GCF_001568685.1_ASM156868v1_genomic.fna.gz	NZ_JQPG01000146.1:1103-1426	leptospira	1
85	GCF_001568685.1_ASM156868v1_genomic.fna.gz	NZ_JQPG01000228.1:329-572	leptospira	1
85	GCF_000243875.1_LkirsRM1v0.2_genomic.fna.gz	NZ_AHMW02000040.1:77465-77791	leptospira_3	102
86	GCF_000243875.1_LkirsRM1v0.2_genomic.fna.gz	NZ_AHMW02000038.1:124547-124870	leptospira_3	102
87	GCF_000243875.1_LkirsRM1v0.2_genomic.fna.gz	NZ_AHMW02000027.1:26575-26969	leptospira_3	102
88	GCF_000243875.1_LkirsRM1v0.2_genomic.fna.gz	NZ_AHMW02000014.1:9478-9728	leptospira_3	102
89	GCF_000243875.1_LkirsRM1v0.2_genomic.fna.gz	NZ_AHMW02000013.1:86961-87216	leptospira_3	102
90	GCF_000243875.1_LkirsRM1v0.2_genomic.fna.gz	NZ_AHMW02000009.1:17662-17833	leptospira_3	102
91	GCF_000342845.1_CA_glsol098_genomic.fna.gz	NZ_AOVX01000128.1:16674-16929	leptospira_3	2
91	GCF_000244295.1_gls454105v2.0_genomic.fna.gz	NZ_AHNR02000001.1:26205-27174	leptospira	84
92	GCF_000244295.1_gls454105v2.0_genomic.fna.gz	NZ_AHNR02000001.1:30379-30630	leptospira	84
93	GCF_000343395.1_CA_glsol025_genomic.fna.gz	NZ_AOXB01000005.1:29102-30310	leptospira_2	159
94	GCF_000343395.1_CA_glsol025_genomic.fna.gz	NZ_AOXB01000050.1:15958-16597	leptospira_2	159
95	GCF_000343395.1_CA_glsol025_genomic.fna.gz	NZ_AOXB01000062.1:69923-70927	leptospira_2	159
96	GCF_000332535.1_gls454204v02_genomic.fna.gz	NZ_AOGV02000006.1:19357-19612	leptospira	17
96	GCF_001401895.1_ASM140189v1_genomic.fna.gz	NZ_LLJK01000001.1:254761-255366	leptospira_3	98
97	GCF_001401895.1_ASM140189v1_genomic.fna.gz	NZ_LLJK01000006.1:9586-9907	leptospira_3	98
98	GCF_001401895.1_ASM140189v1_genomic.fna.gz	NZ_LLJK01000010.1:8465-8719	leptospira_3	98
99	GCF_001401895.1_ASM140189v1_genomic.fna.gz	NZ_LLJK01000017.1:339832-340084	leptospira_3	98
100	GCF_001401895.1_ASM140189v1_genomic.fna.gz	NZ_LLJK01000019.1:96775-96998	leptospira_3	98
101	GCF_001401895.1_ASM140189v1_genomic.fna.gz	NZ_LLJK01000029.1:109374-109554	leptospira_3	98
102	GCF_001567835.1_ASM156783v1_genomic.fna.gz	NZ_JQPD01000116.1:7758-8010	leptospira	96
103	GCF_001567835.1_ASM156783v1_genomic.fna.gz	NZ_JQPD01000116.1:8167-8774	leptospira	96
104	GCF_001567835.1_ASM156783v1_genomic.fna.gz	NZ_JQPD01000116.1:9002-9538	leptospira	96
105	GCF_001568695.1_ASM156869v1_genomic.fna.gz	NZ_JQPH01000045.1:106-789	leptospira_3	48
106	GCF_001568695.1_ASM156869v1_genomic.fna.gz	NZ_JQPH01000110.1:7727-7979	leptospira_3	48
106	GCF_001568695.1_ASM156869v1_genomic.fna.gz	NZ_JQPH01000298.1:161-332	leptospira_3	48
107	GCF_000342725.1_CA_glsol062_genomic.fna.gz	NZ_AOWK01000046.1:30677-30900	leptospira_2	101
107	GCF_000342725.1_CA_glsol062_genomic.fna.gz	NZ_AOWK01000091.1:2879-3133	leptospira_2	101
107	GCF_000342725.1_CA_glsol062_genomic.fna.gz	NZ_AOWK01000117.1:13048-13512	leptospira_2	101
108	GCF_000342725.1_CA_glsol062_genomic.fna.gz	NZ_AOWK01000118.1:12099-12352	leptospira_2	101
108	GCF_000342725.1_CA_glsol062_genomic.fna.gz	NZ_AOWK01000143.1:37733-37913	leptospira_2	101
108	GCF_000342725.1_CA_glsol062_genomic.fna.gz	NZ_AOWK01000152.1:56-520	leptospira_2	101
109	GCF_000342725.1_CA_glsol062_genomic.fna.gz	NZ_AOWK01000164.1:6797-7049	leptospira_2	101
109	GCF_001567805.1_ASM156780v1_genomic.fna.gz	NZ_JQPB01000204.1:25338-25580	leptospira	37
110	GCF_001567805.1_ASM156780v1_genomic.fna.gz	NZ_JQPB01000204.1:26069-27189	leptospira	37
111	GCF_001567805.1_ASM156780v1_genomic.fna.gz	NZ_JQPB01000204.1:27345-28244	leptospira	37
112	GCF_000343085.1_CA_glsol093_genomic.fna.gz	NZ_AOWC01000082.1:26302-26557	leptospira_3	2
112	GCF_000343085.1_CA_glsol093_genomic.fna.gz	NZ_AOWC01000097.1:4949-5220	leptospira_3	2
112	GCF_000243995.1_gls454086v02_genomic.fna.gz	NZ_AHNC02000082.1:222246-223251	leptospira	183
113	GCF_000243995.1_gls454086v02_genomic.fna.gz	NZ_AHNC02000050.1:80410-80865	leptospira	183
114	GCF_001010765.1_ASM101076v1_genomic.fna.gz	NZ_CP011410.1:1272003-1272466	leptospira	24
115	GCF_001010765.1_ASM101076v1_genomic.fna.gz	NZ_CP011410.1:1272622-1272947	leptospira	24
116	GCF_001569005.1_ASM156900v1_genomic.fna.gz	NZ_JQQM01000177.1:8860-9183	leptospira	1
117	GCF_001569005.1_ASM156900v1_genomic.fna.gz	NZ_JQQM01000177.1:9295-9546	leptospira	1
118	GCF_001569005.1_ASM156900v1_genomic.fna.gz	NZ_JQQM01000177.1:10041-10285	leptospira	1
119	GCF_001569005.1_ASM156900v1_genomic.fna.gz	NZ_JQQM01000201.1:329-572	leptospira	1
119	GCF_000343285.1_CA_glsol160_genomic.fna.gz	NZ_AOVB01000048.1:10535-10790	leptospira	17
119	GCF_001569145.1_ASM156914v1_genomic.fna.gz	NZ_JQQY01000027.1:26719-26871	leptospira_2	213
120	GCF_001569145.1_ASM156914v1_genomic.fna.gz	NZ_JQQY01000067.1:27538-27934	leptospira_2	213
121	GCF_001568525.1_ASM156852v1_genomic.fna.gz	NZ_JQOM01000119.1:16474-17510	leptospira_3	52
122	GCF_001568525.1_ASM156852v1_genomic.fna.gz	NZ_JQOM01000119.1:17737-17989	leptospira_3	52
123	GCF_001568495.1_ASM156849v1_genomic.fna.gz	NZ_JQRZ01000126.1:122-333	leptospira_2	99
124	GCF_000216035.1_CLC_glsol163_genomic.fna.gz	NZ_AFMJ01000113.1:7681-7936	leptospira_3	2
124	GCF_000243835.1_gls454063v02_genomic.fna.gz	NZ_AHMU02000053.1:41712-42643	leptospira_2	157
125	GCF_000243835.1_gls454063v02_genomic.fna.gz	NZ_AHMU02000009.1:29265-30814	leptospira_2	157
126	GCF_000332555.2_gls454193v02_genomic.fna.gz	NZ_AOHD02000051.1:6474-6781	leptospira_2	200
127	GCF_000332555.2_gls454193v02_genomic.fna.gz	NZ_AOHD02000029.1:328-1366	leptospira_2	200
128	GCF_000243855.1_LkirsMoskvav2.0_genomic.fna.gz	NZ_AHMV02000009.1:12715-12886	leptospira_3	94
129	GCF_000306395.1_gls454131v2.0_genomic.fna.gz	NZ_AKWH02000041.1:221596-222561	leptospira_2	149
130	GCF_000306395.1_gls454131v2.0_genomic.fna.gz	NZ_AKWH02000032.1:189433-190114	leptospira_2	149
131	GCF_000306395.1_gls454131v2.0_genomic.fna.gz	NZ_AKWH02000025.1:24763-25085	leptospira_2	149
132	GCF_000306395.1_gls454131v2.0_genomic.fna.gz	NZ_AKWH02000020.1:26022-26919	leptospira_2	149
133	GCF_000306395.1_gls454131v2.0_genomic.fna.gz	NZ_AKWH02000016.1:35503-35758	leptospira_2	149
134	GCF_000306395.1_gls454131v2.0_genomic.fna.gz	NZ_AKWH02000016.1:87992-88660	leptospira_2	149
135	GCF_000306395.1_gls454131v2.0_genomic.fna.gz	NZ_AKWH02000010.1:32997-33250	leptospira_2	149
136	GCF_001568775.1_ASM156877v1_genomic.fna.gz	NZ_JQPO01000159.1:404-1448	leptospira_2	232
137	GCF_000246695.1_CLC_glsol175_genomic.fna.gz	NZ_AHRA01000146.1:3763-3976	leptospira	143
138	GCF_000246695.1_CLC_glsol175_genomic.fna.gz	NZ_AHRA01000111.1:27539-27884	leptospira	143
139	GCF_001981425.1_ASM198142v1_genomic.fna.gz	NZ_MTSS01000001.1:162140-162406	leptospira_2	104
140	GCF_001981425.1_ASM198142v1_genomic.fna.gz	NZ_MTSS01000010.1:47537-47914	leptospira_2	104
141	GCF_001981425.1_ASM198142v1_genomic.fna.gz	NZ_MTSS01000019.1:80898-81220	leptospira_2	104
142	GCF_001981425.1_ASM198142v1_genomic.fna.gz	NZ_MTSS01000022.1:23144-23539	leptospira_2	104
143	GCF_000246395.1_CLC_glsol067_genomic.fna.gz	NZ_AHQL01000314.1:48-808	leptospira_2	155
144	GCF_000246395.1_CLC_glsol067_genomic.fna.gz	NZ_AHQL01000259.1:48-1052	leptospira_2	155
145	GCF_000246395.1_CLC_glsol067_genomic.fna.gz	NZ_AHQL01000237.1:141-1149	leptospira_2	155
146	GCF_000246395.1_CLC_glsol067_genomic.fna.gz	NZ_AHQL01000141.1:73108-73626	leptospira_2	155
147	GCF_000246395.1_CLC_glsol067_genomic.fna.gz	NZ_AHQL01000086.1:49-747	leptospira_2	155
148	GCF_000246395.1_CLC_glsol067_genomic.fna.gz	NZ_AHQL01000084.1:49-691	leptospira_2	155
149	GCF_000246475.1_CLC_glsol073_genomic.fna.gz	NZ_AHQP01000207.1:7664-7919	leptospira_3	2
149	GCF_000216515.1_CLC_glsol158_genomic.fna.gz	NZ_AFLL01000188.1:3858-4129	leptospira_3	2
149	GCF_000216515.1_CLC_glsol158_genomic.fna.gz	NZ_AFLL01000093.1:7681-7936	leptospira_3	2
149	GCF_001568025.1_ASM156802v1_genomic.fna.gz	NZ_JQPT01000088.1:7698-7950	leptospira_2	236
149	GCF_000217035.1_CLC_glsol118_genomic.fna.gz	NZ_AFKL01000186.1:6863-7118	leptospira_3	2
149	GCF_001568325.1_ASM156832v1_genomic.fna.gz	NZ_JQRF01000006.1:8205-8815	leptospira	171
150	GCF_001568325.1_ASM156832v1_genomic.fna.gz	NZ_JQRF01000025.1:5996-6534	leptospira	171
150	GCF_001568325.1_ASM156832v1_genomic.fna.gz	NZ_JQRF01000047.1:6254-6650	leptospira	171
150	GCF_001568325.1_ASM156832v1_genomic.fna.gz	NZ_JQRF01000068.1:26009-26971	leptospira	171
151	GCF_001568325.1_ASM156832v1_genomic.fna.gz	NZ_JQRF01000097.1:15500-15895	leptospira	171
151	GCF_001568325.1_ASM156832v1_genomic.fna.gz	NZ_JQRF01000158.1:0-246	leptospira	171
152	GCF_001569075.1_ASM156907v1_genomic.fna.gz	NZ_JQQU01000028.1:16778-17099	leptospira	92
153	GCF_001569075.1_ASM156907v1_genomic.fna.gz	NZ_JQQU01000145.1:66-816	leptospira	92
154	GCF_001569075.1_ASM156907v1_genomic.fna.gz	NZ_JQQU01000234.1:66-462	leptospira	92
155	GCF_000347055.1_gls454034v01_genomic.fna.gz	NZ_ANMX01000086.1:23004-23362	leptospira	51
156	GCF_000347055.1_gls454034v01_genomic.fna.gz	NZ_ANMX01000158.1:45172-45707	leptospira	51
157	GCF_000347055.1_gls454034v01_genomic.fna.gz	NZ_ANMX01000158.1:46137-47167	leptospira	51
157	GCF_000246215.1_CLC_glsol049_genomic.fna.gz	NZ_AHQC01000232.1:657-908	leptospira	1
157	GCF_000246215.1_CLC_glsol049_genomic.fna.gz	NZ_AHQC01000232.1:1020-1343	leptospira	1
157	GCF_001569295.1_ASM156929v1_genomic.fna.gz	NZ_JQRK01000028.1:179-1247	leptospira_2	258
158	GCF_001569295.1_ASM156929v1_genomic.fna.gz	NZ_JQRK01000071.1:31418-32244	leptospira_2	258
159	GCF_000216835.1_CLC_glsol132_genomic.fna.gz	NZ_AFKV01000332.1:7669-7924	leptospira_3	2
159	GCF_001568915.1_ASM156891v1_genomic.fna.gz	NZ_JQQB01000062.1:20690-22182	leptospira	194
160	GCF_001568915.1_ASM156891v1_genomic.fna.gz	NZ_JQQB01000104.1:1301-1513	leptospira	194
161	GCF_001568915.1_ASM156891v1_genomic.fna.gz	NZ_JQQB01000104.1:2026-3030	leptospira	194
162	GCF_001568915.1_ASM156891v1_genomic.fna.gz	NZ_JQQB01000166.1:25742-26013	leptospira	194
163	GCF_000306555.1_gls454126v02_genomic.fna.gz	NZ_AKWL02000052.1:13313-14068	leptospira_2	148
164	GCF_000306555.1_gls454126v02_genomic.fna.gz	NZ_AKWL02000049.1:97105-97573	leptospira_2	148
165	GCF_000306555.1_gls454126v02_genomic.fna.gz	NZ_AKWL02000048.1:24229-24552	leptospira_2	148
166	GCF_000306555.1_gls454126v02_genomic.fna.gz	NZ_AKWL02000027.1:210155-210379	leptospira_2	148
167	GCF_000306555.1_gls454126v02_genomic.fna.gz	NZ_AKWL02000011.1:130898-131293	leptospira_2	148
168	GCF_000306555.1_gls454126v02_genomic.fna.gz	NZ_AKWL02000005.1:39963-40858	leptospira_2	148
169	GCF_000306555.1_gls454126v02_genomic.fna.gz	NZ_AKWL02000004.1:3038-3430	leptospira_2	148
170	GCF_000246275.1_CLC_glsol052_genomic.fna.gz	NZ_AHQF01000316.1:324-1224	leptospira	50
170	GCF_000246275.1_CLC_glsol052_genomic.fna.gz	NZ_AHQF01000117.1:7501-7897	leptospira	50
170	GCF_000007685.1_ASM768v1_genomic.fna.gz	NC_005823.1:1133847-1134102	leptospira_3	2
170	GCF_001567825.1_ASM156782v1_genomic.fna.gz	NZ_JQOY01000082.1:0-245	leptospira	1
170	GCF_001567825.1_ASM156782v1_genomic.fna.gz	NZ_JQOY01000082.1:740-991	leptospira	1
170	GCF_001567825.1_ASM156782v1_genomic.fna.gz	NZ_JQOY01000082.1:1103-1426	leptospira	1
170	GCF_001567825.1_ASM156782v1_genomic.fna.gz	NZ_JQOY01000213.1:0-165	leptospira	1
171	GCF_000306075.1_gls454009v2.0_genomic.fna.gz	NZ_AKXG02000015.1:221-549	leptospira_3	11
172	GCF_000306075.1_gls454009v2.0_genomic.fna.gz	NZ_AKXG02000008.1:40391-40712	leptospira_3	11
173	GCF_001568485.1_ASM156848v1_genomic.fna.gz	NZ_JQRW01000064.1:20082-20612	leptospira	148
174	GCF_001568485.1_ASM156848v1_genomic.fna.gz	NZ_JQRW01000203.1:123-579	leptospira	148
175	GCF_001568485.1_ASM156848v1_genomic.fna.gz	NZ_JQRW01000204.1:678-830	leptospira	148
176	GCF_001569125.1_ASM156912v1_genomic.fna.gz	NZ_JQQW01000104.1:4178-4426	leptospira_2	215
177	GCF_000353225.1_CA_glsol174_genomic.fna.gz	NZ_AOUW01000065.1:20108-20456	leptospira	143
178	GCF_000353225.1_CA_glsol174_genomic.fna.gz	NZ_AOUW01000042.1:27088-27301	leptospira	143
178	GCF_000216495.1_CLC_glsol162_genomic.fna.gz	NZ_AFLM01000128.1:7676-7931	leptospira_3	2
178	GCF_000216635.1_CLC_glsol151_genomic.fna.gz	NZ_AFLF01000130.1:7681-7936	leptospira_3	2
178	GCF_000216635.1_CLC_glsol151_genomic.fna.gz	NZ_AFLF01000101.1:4411-4682	leptospira_3	2
178	GCF_000216075.1_CLC_glsol044_genomic.fna.gz	NZ_AFMH01000157.1:6920-7175	leptospira_3	2
178	GCF_001569105.1_ASM156910v1_genomic.fna.gz	NZ_JQQV01000093.1:331-1081	leptospira	92
179	GCF_001569105.1_ASM156910v1_genomic.fna.gz	NZ_JQQV01000216.1:6894-7290	leptospira	92
180	GCF_001569105.1_ASM156910v1_genomic.fna.gz	NZ_JQQV01000360.1:472-793	leptospira	92
180	GCF_000343595.1_CA_glsol101_genomic.fna.gz	NZ_AOVV01000032.1:38113-38331	leptospira	17
181	GCF_000343595.1_CA_glsol101_genomic.fna.gz	NZ_AOVV01000123.1:7769-8024	leptospira	17
181	GCF_000343735.1_CA_glsol146_genomic.fna.gz	NZ_AOVI01000076.1:34949-35204	leptospira_2	47
181	GCF_000217255.1_CLC_glsol104_genomic.fna.gz	NZ_AFKA01000217.1:2754-3025	leptospira_3	2
181	GCF_000217255.1_CLC_glsol104_genomic.fna.gz	NZ_AFKA01000176.1:6923-7178	leptospira_3	2
181	GCF_001567815.1_ASM156781v1_genomic.fna.gz	NZ_JQPC01000052.1:4628-4798	leptospira_2	215
182	GCF_000347175.1_gls454194v01_genomic.fna.gz	NZ_ANIK01000082.1:21988-22954	leptospira_2	200
183	GCF_001652525.2_ASM165252v2_genomic.fna.gz	NZ_CP015814.2:412487-412698	leptospira_2	99
183	GCF_000246535.1_CLC_glsol076_genomic.fna.gz	NZ_AHQS01000949.1:54-446	leptospira	84
184	GCF_000246535.1_CLC_glsol076_genomic.fna.gz	NZ_AHQS01000830.1:2572-3396	leptospira	84
185	GCF_001276935.1_ASM127693v1_genomic.fna.gz	NZ_LHQT01000013.1:27541-28007	leptospira	231
186	GCF_001276935.1_ASM127693v1_genomic.fna.gz	NZ_LHQT01000264.1:1613-1768	leptospira	231
187	GCF_001276935.1_ASM127693v1_genomic.fna.gz	NZ_LHQT01000277.1:1057-2099	leptospira	231
188	GCF_001276935.1_ASM127693v1_genomic.fna.gz	NZ_LHQT01000033.1:4394-4716	leptospira	231
189	GCF_001276935.1_ASM127693v1_genomic.fna.gz	NZ_LHQT01000035.1:10830-12018	leptospira	231
190	GCF_001276935.1_ASM127693v1_genomic.fna.gz	NZ_LHQT01000038.1:1099-2269	leptospira	231
191	GCF_001276935.1_ASM127693v1_genomic.fna.gz	NZ_LHQT01000039.1:1061-1792	leptospira	231
192	GCF_000343105.1_CA_glsol042_genomic.fna.gz	NZ_AOWS01000089.1:750-968	leptospira_3	2
193	GCF_000343105.1_CA_glsol042_genomic.fna.gz	NZ_AOWS01000145.1:16327-16582	leptospira_3	2
193	GCF_000343245.1_CA_glsol131_genomic.fna.gz	NZ_AOVN01000073.1:16654-16909	leptospira	17
193	GCF_000246235.1_CLC_glsol050_genomic.fna.gz	NZ_AHQD01000190.1:6918-7451	leptospira_3	74
194	GCF_001568125.1_ASM156812v1_genomic.fna.gz	NZ_JQQE01000142.1:17113-17433	leptospira	15
195	GCF_001568125.1_ASM156812v1_genomic.fna.gz	NZ_JQQE01000142.1:17590-17839	leptospira	15
196	GCF_001568135.1_ASM156813v1_genomic.fna.gz	NZ_JQQF01000078.1:8253-9507	leptospira	6
197	GCF_000246295.1_CLC_glsol056_genomic.fna.gz	NZ_AHQG01000301.1:459-918	leptospira_2	142
198	GCF_000246295.1_CLC_glsol056_genomic.fna.gz	NZ_AHQG01000029.1:14984-15235	leptospira_2	142
199	GCF_001568815.1_ASM156881v1_genomic.fna.gz	NZ_JQPU01000208.1:479-796	leptospira_2	237
200	GCF_001568815.1_ASM156881v1_genomic.fna.gz	NZ_JQPU01000208.1:954-1273	leptospira_2	237
201	GCF_000244815.1_gls454188v02_genomic.fna.gz	NZ_AHOR02000061.1:142170-142382	leptospira	192
202	GCF_000244815.1_gls454188v02_genomic.fna.gz	NZ_AHOR02000015.1:22918-23819	leptospira	192
203	GCF_000244815.1_gls454188v02_genomic.fna.gz	NZ_AHOR02000006.1:18678-18957	leptospira	192
204	GCF_000244495.1_Lborg200801910v2.0_genomic.fna.gz	NZ_AHOB02000001.1:25505-25716	leptospira_2	99
204	GCF_000343475.1_CA_glsol036_genomic.fna.gz	NZ_AOWX01000013.1:16827-17082	leptospira_3	2
204	GCF_000343475.1_CA_glsol036_genomic.fna.gz	NZ_AOWX01000093.1:149582-149791	leptospira_3	2
205	GCF_000216055.1_CLC_glsol105_genomic.fna.gz	NZ_AFMI01000208.1:2754-3025	leptospira_3	2
205	GCF_000216055.1_CLC_glsol105_genomic.fna.gz	NZ_AFMI01000123.1:7676-7931	leptospira_3	2
205	GCF_000244275.1_gls454104v2.0_genomic.fna.gz	NZ_AHNQ02000010.1:47717-48469	leptospira	83
206	GCF_000244275.1_gls454104v2.0_genomic.fna.gz	NZ_AHNQ02000010.1:50018-50339	leptospira	83
207	GCF_002916855.1_ASM291685v1_genomic.fna.gz	NZ_MUKL01000034.1:20901-21445	leptospira_2	3
208	GCF_002916855.1_ASM291685v1_genomic.fna.gz	NZ_MUKL01000034.1:21864-23337	leptospira_2	3
209	GCF_002916855.1_ASM291685v1_genomic.fna.gz	NZ_MUKL01000034.1:23493-23961	leptospira_2	3
209	GCF_000217155.1_CLC_glsol111_genomic.fna.gz	NZ_AFKF01000118.1:6912-7167	leptospira_3	2
209	GCF_000217535.2_CA_glsol087_genomic.fna.gz	NZ_AFJW02000088.1:7796-8051	leptospira	17
209	GCF_000346655.1_gls454072v02_genomic.fna.gz	NZ_AOHH01000020.1:74-822	leptospira_2	188
210	GCF_000346655.1_gls454072v02_genomic.fna.gz	NZ_AOHH01000032.1:510-1526	leptospira_2	188
211	GCF_000346655.1_gls454072v02_genomic.fna.gz	NZ_AOHH01000147.1:4533-4711	leptospira_2	188
212	GCF_000346655.1_gls454072v02_genomic.fna.gz	NZ_AOHH01000172.1:831-1729	leptospira_2	188
213	GCF_000346655.1_gls454072v02_genomic.fna.gz	NZ_AOHH01000189.1:30210-31032	leptospira_2	188
214	GCF_000346655.1_gls454072v02_genomic.fna.gz	NZ_AOHH01000232.1:879-1488	leptospira_2	188
215	GCF_000346655.1_gls454072v02_genomic.fna.gz	NZ_AOHH01000278.1:762-1297	leptospira_2	188
216	GCF_000346655.1_gls454072v02_genomic.fna.gz	NZ_AOHH01000286.1:703-1530	leptospira_2	188
217	GCF_000306215.1_gls454057v2.0_genomic.fna.gz	NZ_AKXA02000040.1:7227-8056	leptospira_2	6
217	GCF_000306215.1_gls454057v2.0_genomic.fna.gz	NZ_AKXA02000040.1:9338-9662	leptospira_2	6
217	GCF_000306215.1_gls454057v2.0_genomic.fna.gz	NZ_AKXA02000040.1:10155-10398	leptospira_2	6
217	GCF_000306215.1_gls454057v2.0_genomic.fna.gz	NZ_AKXA02000015.1:249877-250116	leptospira_2	6
218	GCF_001584305.1_ASM158430v1_genomic.fna.gz	NZ_LSSR01000004.1:259-870	leptospira_2	260
219	GCF_001584305.1_ASM158430v1_genomic.fna.gz	NZ_LSSR01000005.1:29380-29714	leptospira_2	260
220	GCF_001584305.1_ASM158430v1_genomic.fna.gz	NZ_LSSR01000006.1:51613-51947	leptospira_2	260
221	GCF_001584305.1_ASM158430v1_genomic.fna.gz	NZ_LSSR01000088.1:86266-86599	leptospira_2	260
222	GCF_000216415.1_CLC_glsol192_genomic.fna.gz	NZ_AFLQ01000177.1:7394-7790	leptospira	50
222	GCF_000216415.1_CLC_glsol192_genomic.fna.gz	NZ_AFLQ01000177.1:7956-8269	leptospira	50
223	GCF_000216415.1_CLC_glsol192_genomic.fna.gz	NZ_AFLQ01000177.1:8426-9326	leptospira	50
223	GCF_001567785.1_ASM156778v1_genomic.fna.gz	NZ_JQOW01000159.1:24722-24964	leptospira_2	3
223	GCF_001567785.1_ASM156778v1_genomic.fna.gz	NZ_JQOW01000159.1:25792-26691	leptospira_2	3
223	GCF_000342965.1_CA_glsol128_genomic.fna.gz	NZ_AOVO01000039.1:19309-19564	leptospira	17
223	GCF_000342965.1_CA_glsol128_genomic.fna.gz	NZ_AOVO01000091.1:4049-4320	leptospira	17
223	GCF_000306675.2_ASM30667v3_genomic.fna.gz	NZ_CP024871.1:574208-574908	leptospira_2	249
224	GCF_000306675.2_ASM30667v3_genomic.fna.gz	NZ_CP024871.1:846408-847350	leptospira_2	249
225	GCF_000306675.2_ASM30667v3_genomic.fna.gz	NZ_CP024871.1:2768684-2769389	leptospira_2	249
226	GCF_000306675.2_ASM30667v3_genomic.fna.gz	NZ_CP024871.1:3090316-3090832	leptospira_2	249
227	GCF_001568565.1_ASM156856v1_genomic.fna.gz	NZ_JQOU01000003.1:138-886	leptospira	36
228	GCF_001568565.1_ASM156856v1_genomic.fna.gz	NZ_JQOU01000003.1:1304-1909	leptospira	36
229	GCF_001568565.1_ASM156856v1_genomic.fna.gz	NZ_JQOU01000169.1:6930-7465	leptospira	36
230	GCF_000342705.1_CA_glsol153_genomic.fna.gz	NZ_AOVD01000088.1:24323-24578	leptospira_3	2
230	GCF_001568615.1_ASM156861v1_genomic.fna.gz	NZ_JQOZ01000105.1:921-1242	leptospira	106
231	GCF_001568615.1_ASM156861v1_genomic.fna.gz	NZ_JQOZ01000223.1:66-462	leptospira	106
231	GCF_000217095.1_CLC_glsol115_genomic.fna.gz	NZ_AFKI01000146.1:3859-4130	leptospira_3	2
231	GCF_000217095.1_CLC_glsol115_genomic.fna.gz	NZ_AFKI01000124.1:7681-7936	leptospira_3	2
231	GCF_003516145.1_ASM351614v1_genomic.fna.gz	NZ_CP026671.1:1088256-1088727	leptospira	144
232	GCF_003516145.1_ASM351614v1_genomic.fna.gz	NZ_CP026671.1:1423559-1424015	leptospira	144
233	GCF_001569285.1_ASM156928v1_genomic.fna.gz	NZ_JQRH01000010.1:17680-18256	leptospira_2	255
234	GCF_001569285.1_ASM156928v1_genomic.fna.gz	NZ_JQRH01000042.1:511-1702	leptospira_2	255
235	GCF_001569285.1_ASM156928v1_genomic.fna.gz	NZ_JQRH01000189.1:165-1580	leptospira_2	255
236	GCF_001569465.1_ASM156946v1_genomic.fna.gz	NZ_JQRY01000111.1:13887-14098	leptospira_2	99
237	GCF_000244255.2_gls454103v02_genomic.fna.gz	NZ_AHNP02000002.1:91378-91530	leptospira	143
238	GCF_001568155.1_ASM156815v1_genomic.fna.gz	NZ_JQQG01000100.1:66-604	leptospira	29
239	GCF_001568155.1_ASM156815v1_genomic.fna.gz	NZ_JQQG01000251.1:839-1161	leptospira	29
240	GCF_001443305.1_ASM144330v1_genomic.fna.gz	NZ_CP013147.1:3212173-3213002	leptospira_2	6
240	GCF_001443305.1_ASM144330v1_genomic.fna.gz	NZ_CP013147.1:3213159-3213479	leptospira_2	6
240	GCF_001443305.1_ASM144330v1_genomic.fna.gz	NZ_CP013147.1:3213637-3213961	leptospira_2	6
240	GCF_000216475.1_CLC_glsol165_genomic.fna.gz	NZ_AFLN01000165.1:6925-7180	leptospira_3	2
240	GCF_000244575.1_gls454165v2.0_genomic.fna.gz	NZ_AHOF02000031.1:51768-52226	leptospira_2	165
241	GCF_000244575.1_gls454165v2.0_genomic.fna.gz	NZ_AHOF02000013.1:233-913	leptospira_2	165
242	GCF_000244575.1_gls454165v2.0_genomic.fna.gz	NZ_AHOF02000009.1:163509-163966	leptospira_2	165
243	GCF_000244575.1_gls454165v2.0_genomic.fna.gz	NZ_AHOF02000009.1:268736-269193	leptospira_2	165
244	GCF_000246575.1_CLC_glsol166_genomic.fna.gz	NZ_AHQU01000183.1:3859-4130	leptospira_3	2
244	GCF_000246575.1_CLC_glsol166_genomic.fna.gz	NZ_AHQU01000171.1:7684-7939	leptospira_3	2
244	GCF_000346675.1_gls454076v02_genomic.fna.gz	NZ_AOHI01000004.1:26290-26747	leptospira_2	205
245	GCF_000346675.1_gls454076v02_genomic.fna.gz	NZ_AOHI01000038.1:59902-60176	leptospira_2	205
246	GCF_000346675.1_gls454076v02_genomic.fna.gz	NZ_AOHI01000054.1:67764-68768	leptospira_2	205
247	GCF_000346675.1_gls454076v02_genomic.fna.gz	NZ_AOHI01000058.1:423-890	leptospira_2	205
248	GCF_000343125.1_CA_glsol096_genomic.fna.gz	NZ_AOVZ01000091.1:25393-25648	leptospira	17
248	GCF_000244135.1_gls454097v02_genomic.fna.gz	NZ_AHNJ02000015.1:24481-26031	leptospira_3	74
249	GCF_000244135.1_gls454097v02_genomic.fna.gz	NZ_AHNJ02000015.1:27678-28003	leptospira_3	74
250	GCF_001568265.1_ASM156826v1_genomic.fna.gz	NZ_JQQQ01000078.1:9165-9486	leptospira	95
250	GCF_001568265.1_ASM156826v1_genomic.fna.gz	NZ_JQQQ01000078.1:10649-11544	leptospira	95
250	GCF_000244315.2_LintUI12764v0.2_genomic.fna.gz	NZ_AHNS02000009.1:20922-21388	leptospira	85
251	GCF_000244315.2_LintUI12764v0.2_genomic.fna.gz	NZ_AHNS02000009.1:21544-22583	leptospira	85
252	GCF_001568575.1_ASM156857v1_genomic.fna.gz	NZ_JQOV01000099.1:0-245	leptospira_3	47
252	GCF_001568575.1_ASM156857v1_genomic.fna.gz	NZ_JQOV01000099.1:740-991	leptospira_3	47
252	GCF_001568575.1_ASM156857v1_genomic.fna.gz	NZ_JQOV01000099.1:1103-1426	leptospira_3	47
252	GCF_000244555.1_gls454163v02_genomic.fna.gz	NZ_AHOE02000055.1:29019-30024	leptospira_2	164
253	GCF_000244555.1_gls454163v02_genomic.fna.gz	NZ_AHOE02000043.1:81677-83231	leptospira_2	164
254	GCF_000244555.1_gls454163v02_genomic.fna.gz	NZ_AHOE02000036.1:48089-48850	leptospira_2	164
255	GCF_000343205.1_CA_glsol121_genomic.fna.gz	NZ_AOVQ01000114.1:25786-26041	leptospira	17
255	GCF_000988105.2_ASM98810v2_genomic.fna.gz	NZ_CP027843.1:68494-68732	leptospira_2	261
256	GCF_000988105.2_ASM98810v2_genomic.fna.gz	NZ_CP027843.1:278190-278829	leptospira_2	261
257	GCF_000988105.2_ASM98810v2_genomic.fna.gz	NZ_CP027843.1:278934-279573	leptospira_2	261
258	GCF_000988105.2_ASM98810v2_genomic.fna.gz	NZ_CP027843.1:2626948-2628137	leptospira_2	261
259	GCF_000988105.2_ASM98810v2_genomic.fna.gz	NZ_CP027843.1:2875202-2875594	leptospira_2	261
260	GCF_000217295.2_CA_glsol085_genomic.fna.gz	NZ_AFJV02000122.1:7873-8128	leptospira	17
260	GCF_000217295.2_CA_glsol085_genomic.fna.gz	NZ_AFJV02000078.1:4024-4295	leptospira	17
260	GCF_001567735.1_ASM156773v1_genomic.fna.gz	NZ_JQOR01000067.1:6950-7769	leptospira	102
261	GCF_001567735.1_ASM156773v1_genomic.fna.gz	NZ_JQOR01000126.1:276-814	leptospira	102
262	GCF_001567735.1_ASM156773v1_genomic.fna.gz	NZ_JQOR01000137.1:411-726	leptospira	102
263	GCF_001567735.1_ASM156773v1_genomic.fna.gz	NZ_JQOR01000137.1:1217-1538	leptospira	102
264	GCF_000217195.1_CLC_glsol109_genomic.fna.gz	NZ_AFKD01000166.1:7684-7939	leptospira_3	2
264	GCF_000243655.2_gls454046v2.0_genomic.fna.gz	NZ_AHML02000036.1:39339-40519	leptospira	63
265	GCF_000243655.2_gls454046v2.0_genomic.fna.gz	NZ_AHML02000035.1:44267-44519	leptospira	63
266	GCF_000243655.2_gls454046v2.0_genomic.fna.gz	NZ_AHML02000034.1:24863-25329	leptospira	63
267	GCF_000243655.2_gls454046v2.0_genomic.fna.gz	NZ_AHML02000034.1:191304-191772	leptospira	63
268	GCF_000243655.2_gls454046v2.0_genomic.fna.gz	NZ_AHML02000018.1:5727-6053	leptospira	63
269	GCF_000243655.2_gls454046v2.0_genomic.fna.gz	NZ_AHML02000011.1:24315-24636	leptospira	63
270	GCF_000243655.2_gls454046v2.0_genomic.fna.gz	NZ_AHML02000004.1:148629-149241	leptospira	63
271	GCF_000243655.2_gls454046v2.0_genomic.fna.gz	NZ_AHML02000002.1:51244-52071	leptospira	63
272	GCF_000343185.1_CA_glsol099_genomic.fna.gz	NZ_AOVW01000055.1:16614-16869	leptospira	17
272	GCF_000343185.1_CA_glsol099_genomic.fna.gz	NZ_AOVW01000096.1:4631-4902	leptospira	17
272	GCF_000306655.1_gls454173v2.0_genomic.fna.gz	NZ_AKWC02000023.1:25899-26154	leptospira_3	2
272	GCF_002073495.2_ASM207349v2_genomic.fna.gz	NZ_CP020414.2:3423773-3424028	leptospira	17
272	GCF_000306295.1_gls454117v2.0_genomic.fna.gz	NZ_AKWP02000014.1:7925-8180	leptospira_3	2
272	GCF_000216615.1_CLC_glsol152_genomic.fna.gz	NZ_AFLG01000155.1:4410-4681	leptospira	17
272	GCF_000216615.1_CLC_glsol152_genomic.fna.gz	NZ_AFLG01000141.1:7669-7924	leptospira	17
272	GCF_003046425.1_ASM304642v1_genomic.fna.gz	NZ_QAJG01000037.1:117-269	leptospira	143
273	GCF_001995195.1_ASM199519v1_genomic.fna.gz	NZ_MVAE01000005.1:300063-300387	leptospira_2	6
274	GCF_001995195.1_ASM199519v1_genomic.fna.gz	NZ_MVAE01000005.1:300553-300795	leptospira_2	6
274	GCF_001995195.1_ASM199519v1_genomic.fna.gz	NZ_MVAE01000005.1:301781-302024	leptospira_2	6
275	GCF_001995195.1_ASM199519v1_genomic.fna.gz	NZ_MVAE01000005.1:303380-304209	leptospira_2	6
276	GCF_000342985.1_CA_glsol037_genomic.fna.gz	NZ_AOWW01000117.1:16079-16334	leptospira	17
276	GCF_000346915.1_gls454169v01_genomic.fna.gz	NZ_ANNW01000070.1:735-1374	leptospira_2	168
277	GCF_000346915.1_gls454169v01_genomic.fna.gz	NZ_ANNW01000078.1:14106-14748	leptospira_2	168
278	GCF_000346915.1_gls454169v01_genomic.fna.gz	NZ_ANNW01000113.1:7814-8273	leptospira_2	168
279	GCF_000346915.1_gls454169v01_genomic.fna.gz	NZ_ANNW01000113.1:10772-11282	leptospira_2	168
280	GCF_000347015.1_gls454176v01_genomic.fna.gz	NZ_ANII01000113.1:14919-15090	leptospira_2	142
281	GCF_001568905.1_ASM156890v1_genomic.fna.gz	NZ_JQQA01000115.1:1818-3003	leptospira	182
282	GCF_001568905.1_ASM156890v1_genomic.fna.gz	NZ_JQQA01000117.1:17775-18231	leptospira	182
283	GCF_001568905.1_ASM156890v1_genomic.fna.gz	NZ_JQQA01000136.1:14514-15214	leptospira	182
284	GCF_000348015.1_gls454162v01_genomic.fna.gz	NZ_APGN01000095.1:93-793	leptospira_2	163
285	GCF_000348015.1_gls454162v01_genomic.fna.gz	NZ_APGN01000096.1:64486-64882	leptospira_2	163
286	GCF_000348015.1_gls454162v01_genomic.fna.gz	NZ_APGN01000231.1:10481-11060	leptospira_2	163
287	GCF_000246415.1_CLC_glsol068_genomic.fna.gz	NZ_AHQM01000373.1:11000-11608	leptospira	75
288	GCF_000217135.1_CLC_glsol112_genomic.fna.gz	NZ_AFKG01000166.1:6921-7176	leptospira_3	2
288	GCF_000347095.1_gls454111v01_genomic.fna.gz	NZ_ANOJ01000057.1:8123-8445	leptospira	40
289	GCF_000347095.1_gls454111v01_genomic.fna.gz	NZ_ANOJ01000067.1:70-822	leptospira	40
290	GCF_000216235.1_gls454077v2.0_genomic.fna.gz	NZ_AFLZ02000037.1:25992-26164	leptospira	49
291	GCF_000216235.1_gls454077v2.0_genomic.fna.gz	NZ_AFLZ02000029.1:18488-18876	leptospira	49
292	GCF_000343495.1_CA_glsol072_genomic.fna.gz	NZ_AOWH01000136.1:25412-25667	leptospira_3	2
292	GCF_000343575.1_CA_glsol102_genomic.fna.gz	NZ_AOVU01000113.1:26340-26595	leptospira	17
292	GCF_000346995.1_gls454166v01_genomic.fna.gz	NZ_ANIH01000026.1:1265-1660	leptospira_2	166
293	GCF_000346995.1_gls454166v01_genomic.fna.gz	NZ_ANIH01000029.1:3159-3626	leptospira_2	166
294	GCF_000346995.1_gls454166v01_genomic.fna.gz	NZ_ANIH01000056.1:1629-1855	leptospira_2	166
295	GCF_000346995.1_gls454166v01_genomic.fna.gz	NZ_ANIH01000063.1:103-426	leptospira_2	166
296	GCF_000346995.1_gls454166v01_genomic.fna.gz	NZ_ANIH01000070.1:8728-9262	leptospira_2	166
297	GCF_000346995.1_gls454166v01_genomic.fna.gz	NZ_ANIH01000072.1:55-378	leptospira_2	166
298	GCF_000346995.1_gls454166v01_genomic.fna.gz	NZ_ANIH01000112.1:3187-3654	leptospira_2	166
299	GCF_000346995.1_gls454166v01_genomic.fna.gz	NZ_ANIH01000142.1:77787-78686	leptospira_2	166
300	GCF_000244375.2_LintUI13372v0.2_genomic.fna.gz	NZ_AHNV02000151.1:16307-16560	leptospira	87
301	GCF_000244375.2_LintUI13372v0.2_genomic.fna.gz	NZ_AHNV02000151.1:16981-17232	leptospira	87
302	GCF_001568995.1_ASM156899v1_genomic.fna.gz	NZ_JQQO01000005.1:20751-21579	leptospira_2	3
303	GCF_001568995.1_ASM156899v1_genomic.fna.gz	NZ_JQQO01000005.1:22337-22657	leptospira_2	3
303	GCF_000332435.1_gls454005v02_genomic.fna.gz	NZ_AOHA02000078.1:366-760	leptospira_2	173
304	GCF_000332435.1_gls454005v02_genomic.fna.gz	NZ_AOHA02000046.1:38555-39011	leptospira_2	173
305	GCF_000332435.1_gls454005v02_genomic.fna.gz	NZ_AOHA02000033.1:6862-7544	leptospira_2	173
306	GCF_000332435.1_gls454005v02_genomic.fna.gz	NZ_AOHA02000033.1:10112-10710	leptospira_2	173
307	GCF_000332435.1_gls454005v02_genomic.fna.gz	NZ_AOHA02000009.1:176669-177247	leptospira_2	173
308	GCF_000217455.2_gls454040v2.0_genomic.fna.gz	NZ_AFJN02000024.1:35604-36567	leptospira_2	153
309	GCF_000217455.2_gls454040v2.0_genomic.fna.gz	NZ_AFJN02000022.1:66426-67005	leptospira_2	153
310	GCF_000217455.2_gls454040v2.0_genomic.fna.gz	NZ_AFJN02000021.1:40192-41624	leptospira_2	153
311	GCF_000217455.2_gls454040v2.0_genomic.fna.gz	NZ_AFJN02000021.1:116681-117076	leptospira_2	153
312	GCF_001569395.1_ASM156939v1_genomic.fna.gz	NZ_JQRS01000023.1:18514-19153	leptospira_2	211
313	GCF_001569395.1_ASM156939v1_genomic.fna.gz	NZ_JQRS01000031.1:22697-23739	leptospira_2	211
314	GCF_001569395.1_ASM156939v1_genomic.fna.gz	NZ_JQRS01000105.1:61-701	leptospira_2	211
315	GCF_001569395.1_ASM156939v1_genomic.fna.gz	NZ_JQRS01000163.1:61-577	leptospira_2	211
316	GCF_000244015.1_gls454087v2.0_genomic.fna.gz	NZ_AHND02000022.1:16768-17021	leptospira	42
317	GCF_000244015.1_gls454087v2.0_genomic.fna.gz	NZ_AHND02000022.1:17178-17787	leptospira	42
318	GCF_000346955.1_gls454051v01_genomic.fna.gz	NZ_ANMY01000020.1:1577-3312	leptospira_2	206
319	GCF_000346955.1_gls454051v01_genomic.fna.gz	NZ_ANMY01000033.1:2092-2913	leptospira_2	206
320	GCF_000346955.1_gls454051v01_genomic.fna.gz	NZ_ANMY01000055.1:76482-77730	leptospira_2	206
321	GCF_000346955.1_gls454051v01_genomic.fna.gz	NZ_ANMY01000108.1:30510-30964	leptospira_2	206
322	GCF_001952675.1_ASM195267v1_genomic.fna.gz	NZ_MTCN01000049.1:80771-81093	leptospira_2	104
322	GCF_001952675.1_ASM195267v1_genomic.fna.gz	NZ_MTCN01000006.1:35608-36003	leptospira_2	104
323	GCF_001952675.1_ASM195267v1_genomic.fna.gz	NZ_MTCN01000047.1:51229-51495	leptospira_2	104
324	GCF_001952675.1_ASM195267v1_genomic.fna.gz	NZ_MTCN01000036.1:47640-48017	leptospira_2	104
324	GCF_001568805.1_ASM156880v1_genomic.fna.gz	NZ_JQPR01000096.1:999-1250	leptospira_2	234
324	GCF_001568805.1_ASM156880v1_genomic.fna.gz	NZ_JQPR01000096.1:1670-1991	leptospira_2	234
324	GCF_000332395.2_gls454048v02_genomic.fna.gz	NZ_AOHB02000050.1:16483-17061	leptospira_2	158
325	GCF_000332395.2_gls454048v02_genomic.fna.gz	NZ_AOHB02000050.1:50239-50492	leptospira_2	158
326	GCF_000332395.2_gls454048v02_genomic.fna.gz	NZ_AOHB02000026.1:19990-20321	leptospira_2	158
327	GCF_000332395.2_gls454048v02_genomic.fna.gz	NZ_AOHB02000003.1:56763-56976	leptospira_2	158
328	GCF_000343555.1_CA_glsol061_genomic.fna.gz	NZ_AOWL01000011.1:11730-11983	leptospira_3	98
328	GCF_000343555.1_CA_glsol061_genomic.fna.gz	NZ_AOWL01000076.1:29159-29411	leptospira_3	98
328	GCF_000343555.1_CA_glsol061_genomic.fna.gz	NZ_AOWL01000097.1:558-1022	leptospira_3	98
329	GCF_000343555.1_CA_glsol061_genomic.fna.gz	NZ_AOWL01000115.1:19915-20169	leptospira_3	98
329	GCF_000343555.1_CA_glsol061_genomic.fna.gz	NZ_AOWL01000152.1:65-529	leptospira_3	98
329	GCF_000343555.1_CA_glsol061_genomic.fna.gz	NZ_AOWL01000154.1:1395-1618	leptospira_3	98
329	GCF_000343555.1_CA_glsol061_genomic.fna.gz	NZ_AOWL01000165.1:18373-18553	leptospira_3	98
330	GCF_000243535.2_gls454021v02_genomic.fna.gz	NZ_AHMF02000134.1:1701-2732	leptospira_2	184
331	GCF_000243535.2_gls454021v02_genomic.fna.gz	NZ_AHMF02000120.1:2305-3128	leptospira_2	184
332	GCF_000243535.2_gls454021v02_genomic.fna.gz	NZ_AHMF02000111.1:9363-9530	leptospira_2	184
333	GCF_000243535.2_gls454021v02_genomic.fna.gz	NZ_AHMF02000100.1:12993-14526	leptospira_2	184
334	GCF_000243535.2_gls454021v02_genomic.fna.gz	NZ_AHMF02000085.1:26783-27747	leptospira_2	184
335	GCF_000243535.2_gls454021v02_genomic.fna.gz	NZ_AHMF02000080.1:14589-14815	leptospira_2	184
336	GCF_000243535.2_gls454021v02_genomic.fna.gz	NZ_AHMF02000043.1:8765-9726	leptospira_2	184
337	GCF_000243535.2_gls454021v02_genomic.fna.gz	NZ_AHMF02000018.1:196348-197025	leptospira_2	184
338	GCF_000246655.1_CLC_glsol172_genomic.fna.gz	NZ_AHQY01000295.1:4563-5870	leptospira	189
339	GCF_000246655.1_CLC_glsol172_genomic.fna.gz	NZ_AHQY01000244.1:10814-10962	leptospira	189
339	GCF_000246655.1_CLC_glsol172_genomic.fna.gz	NZ_AHQY01000098.1:23722-23994	leptospira	189
340	GCF_000246655.1_CLC_glsol172_genomic.fna.gz	NZ_AHQY01000096.1:22502-23079	leptospira	189
341	GCF_000217015.2_CLC_glsol119_genomic.fna.gz	NZ_AFKM01000175.1:7034-7289	leptospira_3	2
341	GCF_000246195.1_CLC_glsol048_genomic.fna.gz	NZ_AHQB01000180.1:658-909	leptospira	1
341	GCF_000246195.1_CLC_glsol048_genomic.fna.gz	NZ_AHQB01000180.1:1021-1344	leptospira	1
341	GCF_000244795.1_gls454187v02_genomic.fna.gz	NZ_AHOQ02000050.1:44545-45123	leptospira_2	174
342	GCF_000244795.1_gls454187v02_genomic.fna.gz	NZ_AHOQ02000039.1:178197-178897	leptospira_2	174
343	GCF_001569375.1_ASM156937v1_genomic.fna.gz	NZ_JQRN01000208.1:341-735	leptospira	191
344	GCF_001569375.1_ASM156937v1_genomic.fna.gz	NZ_JQRN01000221.1:224-498	leptospira	191
345	GCF_000343815.1_CA_glsol149_genomic.fna.gz	NZ_AOVF01000032.1:7702-7957	leptospira	17
345	GCF_000216895.1_CLC_glsol127_genomic.fna.gz	NZ_AFKS01000292.1:2036-2291	leptospira_3	2
345	GCF_001569365.1_ASM156936v1_genomic.fna.gz	NZ_JQRO01000075.1:47350-48721	leptospira_2	265
346	GCF_001569365.1_ASM156936v1_genomic.fna.gz	NZ_JQRO01000103.1:2005-2218	leptospira_2	265
347	GCF_001981505.1_ASM198150v1_genomic.fna.gz	NZ_MTSU01000001.1:100766-101301	leptospira_2	106
348	GCF_001981505.1_ASM198150v1_genomic.fna.gz	NZ_MTSU01000001.1:103868-104114	leptospira_2	106
349	GCF_001981505.1_ASM198150v1_genomic.fna.gz	NZ_MTSU01000011.1:32198-32835	leptospira_2	106
350	GCF_001981505.1_ASM198150v1_genomic.fna.gz	NZ_MTSU01000004.1:31780-33211	leptospira_2	106
351	GCF_001981505.1_ASM198150v1_genomic.fna.gz	NZ_MTSU01000004.1:134750-135571	leptospira_2	106
352	GCF_000217055.1_CLC_glsol117_genomic.fna.gz	NZ_AFKK01000226.1:6912-7167	leptospira_3	2
352	GCF_000306375.1_gls454128v2.0_genomic.fna.gz	NZ_AKWJ02000033.1:24583-25036	leptospira_2	179
353	GCF_000306375.1_gls454128v2.0_genomic.fna.gz	NZ_AKWJ02000020.1:190132-190672	leptospira_2	179
354	GCF_000306375.1_gls454128v2.0_genomic.fna.gz	NZ_AKWJ02000017.1:259432-260132	leptospira_2	179
355	GCF_001569385.1_ASM156938v1_genomic.fna.gz	NZ_JQRP01000017.1:20100-20801	leptospira_2	266
356	GCF_001569385.1_ASM156938v1_genomic.fna.gz	NZ_JQRP01000017.1:47838-48901	leptospira_2	266
357	GCF_001569385.1_ASM156938v1_genomic.fna.gz	NZ_JQRP01000031.1:17763-18037	leptospira_2	266
358	GCF_001569385.1_ASM156938v1_genomic.fna.gz	NZ_JQRP01000048.1:13573-14026	leptospira_2	266
359	GCF_001568445.1_ASM156844v1_genomic.fna.gz	NZ_JQRV01000033.1:20180-21061	leptospira	147
360	GCF_001568445.1_ASM156844v1_genomic.fna.gz	NZ_JQRV01000075.1:531-1839	leptospira	147
361	GCF_001568445.1_ASM156844v1_genomic.fna.gz	NZ_JQRV01000099.1:58659-59055	leptospira	147
362	GCF_000246175.1_CLC_glsol047_genomic.fna.gz	NZ_AHQA01000093.1:35959-36209	leptospira_3	94
363	GCF_000246095.1_CLC_glsol031_genomic.fna.gz	NZ_AHPW01000310.1:47-219	leptospira	88
364	GCF_000246095.1_CLC_glsol031_genomic.fna.gz	NZ_AHPW01000310.1:1035-1285	leptospira	88
365	GCF_000244475.1_gls454120v02_genomic.fna.gz	NZ_AHOA02000039.1:4516-4769	leptospira_2	160
366	GCF_000244475.1_gls454120v02_genomic.fna.gz	NZ_AHOA02000039.1:7257-7786	leptospira_2	160
367	GCF_000244475.1_gls454120v02_genomic.fna.gz	NZ_AHOA02000030.1:176689-177267	leptospira_2	160
368	GCF_000244475.1_gls454120v02_genomic.fna.gz	NZ_AHOA02000005.1:73916-74250	leptospira_2	160
369	GCF_000244475.1_gls454120v02_genomic.fna.gz	NZ_AHOA02000005.1:187981-188559	leptospira_2	160
370	GCF_001568225.1_ASM156822v1_genomic.fna.gz	NZ_JQQP01000044.1:16277-16955	leptospira	76
371	GCF_001568225.1_ASM156822v1_genomic.fna.gz	NZ_JQQP01000116.1:840-1228	leptospira	76
371	GCF_000217315.1_CLC_glsol084_genomic.fna.gz	NZ_AFJU01000150.1:6920-7175	leptospira_3	2
371	GCF_000243915.1_gls454081v2.0_genomic.fna.gz	NZ_AHMY02000067.1:127724-128404	leptospira	68
372	GCF_000243915.1_gls454081v2.0_genomic.fna.gz	NZ_AHMY02000055.1:63090-63769	leptospira	68
373	GCF_000243915.1_gls454081v2.0_genomic.fna.gz	NZ_AHMY02000050.1:61524-63998	leptospira	68
374	GCF_000243915.1_gls454081v2.0_genomic.fna.gz	NZ_AHMY02000050.1:102184-102580	leptospira	68
375	GCF_000243915.1_gls454081v2.0_genomic.fna.gz	NZ_AHMY02000045.1:17596-17917	leptospira	68
376	GCF_000243915.1_gls454081v2.0_genomic.fna.gz	NZ_AHMY02000040.1:139118-139801	leptospira	68
377	GCF_000243915.1_gls454081v2.0_genomic.fna.gz	NZ_AHMY02000036.1:42638-43822	leptospira	68
378	GCF_000243915.1_gls454081v2.0_genomic.fna.gz	NZ_AHMY02000017.1:1614-2229	leptospira	68
379	GCF_000343675.1_CA_glsol139_genomic.fna.gz	NZ_AOVL01000055.1:7786-8041	leptospira	17
379	GCF_001568105.1_ASM156810v1_genomic.fna.gz	NZ_JQQD01000078.1:16120-17509	leptospira	19
380	GCF_001568105.1_ASM156810v1_genomic.fna.gz	NZ_JQQD01000078.1:17930-18321	leptospira	19
381	GCF_001568105.1_ASM156810v1_genomic.fna.gz	NZ_JQQD01000078.1:18478-18872	leptospira	19
382	GCF_000246515.1_CLC_glsol075_genomic.fna.gz	NZ_AHQR01000120.1:7681-7936	leptospira_3	2
382	GCF_000342665.1_CA_glsol095_genomic.fna.gz	NZ_AOWA01000011.1:7695-7950	leptospira	17
382	GCF_000342665.1_CA_glsol095_genomic.fna.gz	NZ_AOWA01000045.1:4766-4984	leptospira	17
382	GCF_000243715.2_gls454050v02_genomic.fna.gz	NZ_AHMO02000008.1:908792-909615	leptospira_2	204
383	GCF_001569525.1_ASM156952v1_genomic.fna.gz	NZ_JQSB01000075.1:12266-13148	leptospira_2	269
384	GCF_001569525.1_ASM156952v1_genomic.fna.gz	NZ_JQSB01000214.1:14160-15776	leptospira_2	269
385	GCF_000313175.2_ASM31317v2_genomic.fna.gz	NZ_CP006694.1:727418-727996	leptospira_2	158
385	GCF_000313175.2_ASM31317v2_genomic.fna.gz	NZ_CP006694.1:843352-843565	leptospira_2	158
386	GCF_000313175.2_ASM31317v2_genomic.fna.gz	NZ_CP006694.1:3073835-3074166	leptospira_2	158
387	GCF_000313175.2_ASM31317v2_genomic.fna.gz	NZ_CP006694.1:3350419-3350672	leptospira_2	158
388	GCF_000216195.1_LintLT1649v0.2_genomic.fna.gz	NZ_AFMB02000149.1:51659-51823	leptospira_2	115
389	GCF_000216195.1_LintLT1649v0.2_genomic.fna.gz	NZ_AFMB02000045.1:22910-23809	leptospira_2	115
390	GCF_000216195.1_LintLT1649v0.2_genomic.fna.gz	NZ_AFMB02000045.1:23966-24645	leptospira_2	115
391	GCF_002074835.1_LEP401_genomic.fna.gz	NZ_JMDJ01000020.1:16341-16511	leptospira_2	3
391	GCF_000347255.1_gls454075v01_genomic.fna.gz	NZ_ANCF01000008.1:60-744	leptospira_2	3
392	GCF_000347255.1_gls454075v01_genomic.fna.gz	NZ_ANCF01000008.1:900-1368	leptospira_2	3
392	GCF_000347135.1_gls454032v01_genomic.fna.gz	NZ_ANMV01000107.1:23305-24343	leptospira	51
393	GCF_000347135.1_gls454032v01_genomic.fna.gz	NZ_ANMV01000107.1:24501-24965	leptospira	51
394	GCF_000343515.1_CA_glsol090_genomic.fna.gz	NZ_AOWF01000157.1:16667-16922	leptospira_3	2
394	GCF_000244775.1_gls454186v02_genomic.fna.gz	NZ_AHOP02000060.1:61173-61873	leptospira_2	183
395	GCF_000244775.1_gls454186v02_genomic.fna.gz	NZ_AHOP02000058.1:68080-68687	leptospira_2	183
396	GCF_000244775.1_gls454186v02_genomic.fna.gz	NZ_AHOP02000054.1:12932-13396	leptospira_2	183
397	GCF_000244775.1_gls454186v02_genomic.fna.gz	NZ_AHOP02000049.1:1271-2023	leptospira_2	183
398	GCF_000244775.1_gls454186v02_genomic.fna.gz	NZ_AHOP02000026.1:32373-33483	leptospira_2	183
399	GCF_000244775.1_gls454186v02_genomic.fna.gz	NZ_AHOP02000018.1:7096-7774	leptospira_2	183
400	GCF_000246375.1_CLC_glsol066_genomic.fna.gz	NZ_AHQK01000523.1:48-331	leptospira_2	156
401	GCF_000246375.1_CLC_glsol066_genomic.fna.gz	NZ_AHQK01000355.1:48-807	leptospira_2	156
402	GCF_000246375.1_CLC_glsol066_genomic.fna.gz	NZ_AHQK01000194.1:31362-32063	leptospira_2	156
403	GCF_000246375.1_CLC_glsol066_genomic.fna.gz	NZ_AHQK01000036.1:87-352	leptospira_2	156
404	GCF_001568365.1_ASM156836v1_genomic.fna.gz	NZ_JQRJ01000066.1:7103-8229	leptospira_2	257
405	GCF_001568365.1_ASM156836v1_genomic.fna.gz	NZ_JQRJ01000135.1:259-805	leptospira_2	257
406	GCF_001568365.1_ASM156836v1_genomic.fna.gz	NZ_JQRJ01000137.1:18423-18633	leptospira_2	257
407	GCF_001568365.1_ASM156836v1_genomic.fna.gz	NZ_JQRJ01000140.1:12-1390	leptospira_2	257
408	GCF_001568365.1_ASM156836v1_genomic.fna.gz	NZ_JQRJ01000219.1:392-542	leptospira_2	257
409	GCF_001568365.1_ASM156836v1_genomic.fna.gz	NZ_JQRJ01000261.1:27-970	leptospira_2	257
410	GCF_001569335.1_ASM156933v1_genomic.fna.gz	NZ_JQRM01000024.1:70319-71323	leptospira_2	159
410	GCF_001569335.1_ASM156933v1_genomic.fna.gz	NZ_JQRM01000028.1:25585-26224	leptospira_2	159
411	GCF_000246635.1_CLC_glsol171_genomic.fna.gz	NZ_AHQX01000093.1:21131-21709	leptospira	187
412	GCF_000246635.1_CLC_glsol171_genomic.fna.gz	NZ_AHQX01000088.1:26872-28118	leptospira	187
413	GCF_000246635.1_CLC_glsol171_genomic.fna.gz	NZ_AHQX01000083.1:17681-18077	leptospira	187
414	GCF_000246635.1_CLC_glsol171_genomic.fna.gz	NZ_AHQX01000082.1:1774-1987	leptospira	187
415	GCF_000350605.1_gls454074v01_genomic.fna.gz	NZ_AOUC01000014.1:3777-5667	leptospira_2	190
416	GCF_000350605.1_gls454074v01_genomic.fna.gz	NZ_AOUC01000022.1:12107-13936	leptospira_2	190
417	GCF_000350605.1_gls454074v01_genomic.fna.gz	NZ_AOUC01000063.1:12734-12964	leptospira_2	190
418	GCF_000350605.1_gls454074v01_genomic.fna.gz	NZ_AOUC01000064.1:34807-35699	leptospira_2	190
419	GCF_000350605.1_gls454074v01_genomic.fna.gz	NZ_AOUC01000173.1:585-1909	leptospira_2	190
420	GCF_000350605.1_gls454074v01_genomic.fna.gz	NZ_AOUC01000203.1:6316-7068	leptospira_2	190
421	GCF_000350605.1_gls454074v01_genomic.fna.gz	NZ_AOUC01000207.1:517-1765	leptospira_2	190
422	GCF_000350605.1_gls454074v01_genomic.fna.gz	NZ_AOUC01000223.1:1022-2123	leptospira_2	190
423	GCF_001567885.1_ASM156788v1_genomic.fna.gz	NZ_JQPE01000035.1:16573-16826	leptospira_3	2
424	GCF_001567885.1_ASM156788v1_genomic.fna.gz	NZ_JQPE01000180.1:3905-4176	leptospira_3	2
424	GCF_000244615.1_gls454168v2.0_genomic.fna.gz	NZ_AHOH02000014.1:633015-633715	leptospira_2	167
425	GCF_000244615.1_gls454168v2.0_genomic.fna.gz	NZ_AHOH02000010.1:163874-165289	leptospira_2	167
426	GCF_000244615.1_gls454168v2.0_genomic.fna.gz	NZ_AHOH02000008.1:29090-30033	leptospira_2	167
427	GCF_000244615.1_gls454168v2.0_genomic.fna.gz	NZ_AHOH02000008.1:113837-114110	leptospira_2	167
428	GCF_001584255.1_ASM158425v1_genomic.fna.gz	NZ_LSSS01000022.1:3130-3597	leptospira	124
428	GCF_001584255.1_ASM158425v1_genomic.fna.gz	NZ_LSSS01000032.1:2049-2516	leptospira	124
429	GCF_001584255.1_ASM158425v1_genomic.fna.gz	NZ_LSSS01000032.1:67301-67527	leptospira	124
430	GCF_001584255.1_ASM158425v1_genomic.fna.gz	NZ_LSSS01000036.1:22018-22341	leptospira	124
430	GCF_001584255.1_ASM158425v1_genomic.fna.gz	NZ_LSSS01000057.1:23603-24070	leptospira	124
431	GCF_001584255.1_ASM158425v1_genomic.fna.gz	NZ_LSSS01000061.1:1229-1832	leptospira	124
432	GCF_001584255.1_ASM158425v1_genomic.fna.gz	NZ_LSSS01000085.1:78549-79448	leptospira	124
432	GCF_001568065.1_ASM156806v1_genomic.fna.gz	NZ_JQPY01000197.1:66-387	leptospira_2	239
432	GCF_001568065.1_ASM156806v1_genomic.fna.gz	NZ_JQPY01000246.1:352-820	leptospira_2	239
433	GCF_001568065.1_ASM156806v1_genomic.fna.gz	NZ_JQPY01000302.1:235-404	leptospira_2	239
434	GCF_001704175.2_ASM170417v2_genomic.fna.gz	NZ_MCRM02000012.1:47812-48471	leptospira_2	207
435	GCF_001704175.2_ASM170417v2_genomic.fna.gz	NZ_MCRM02000046.1:2566-2745	leptospira_2	207
436	GCF_001704175.2_ASM170417v2_genomic.fna.gz	NZ_MCRM02000006.1:21978-23469	leptospira_2	207
437	GCF_001567725.1_ASM156772v1_genomic.fna.gz	NZ_JQOQ01000126.1:6926-7247	leptospira	89
438	GCF_001567725.1_ASM156772v1_genomic.fna.gz	NZ_JQOQ01000126.1:7472-7796	leptospira	89
439	GCF_002370075.1_ASM237007v1_genomic.fna.gz	NZ_NKYG01000013.1:110694-111576	leptospira	33
440	GCF_001568605.1_ASM156860v1_genomic.fna.gz	NZ_JQOX01000029.1:0-245	leptospira	1
440	GCF_001568605.1_ASM156860v1_genomic.fna.gz	NZ_JQOX01000029.1:740-991	leptospira	1
440	GCF_001568605.1_ASM156860v1_genomic.fna.gz	NZ_JQOX01000029.1:1103-1426	leptospira	1
440	GCF_001568605.1_ASM156860v1_genomic.fna.gz	NZ_JQOX01000215.1:0-165	leptospira	1
440	GCF_000217115.1_CLC_glsol114_genomic.fna.gz	NZ_AFKH01000196.1:3859-4130	leptospira_3	2
440	GCF_000217115.1_CLC_glsol114_genomic.fna.gz	NZ_AFKH01000149.1:7681-7936	leptospira_3	2
440	GCF_000246615.1_CLC_glsol170_genomic.fna.gz	NZ_AHQW01000089.1:54-225	leptospira	46
441	GCF_000246615.1_CLC_glsol170_genomic.fna.gz	NZ_AHQW01000049.1:6815-7068	leptospira	46
441	GCF_001567705.1_ASM156770v1_genomic.fna.gz	NZ_JQOP01000062.1:3905-4238	leptospira_3	2
442	GCF_000246435.1_CLC_glsol069_genomic.fna.gz	NZ_AHQN01000309.1:15177-15565	leptospira	74
443	GCF_000244535.1_gls454137v02_genomic.fna.gz	NZ_AHOD02000080.1:537-748	leptospira_2	99
443	GCF_001981455.1_ASM198145v1_genomic.fna.gz	NZ_MTST01000002.1:145772-146038	leptospira_2	105
443	GCF_001981455.1_ASM198145v1_genomic.fna.gz	NZ_MTST01000023.1:34058-34393	leptospira_2	105
444	GCF_001981455.1_ASM198145v1_genomic.fna.gz	NZ_MTST01000011.1:96502-96954	leptospira_2	105
445	GCF_001981455.1_ASM198145v1_genomic.fna.gz	NZ_MTST01000011.1:99524-99838	leptospira_2	105
446	GCF_000216875.1_CLC_glsol129_genomic.fna.gz	NZ_AFKT01000225.1:6920-7175	leptospira_3	2
446	GCF_000216875.1_CLC_glsol129_genomic.fna.gz	NZ_AFKT01000118.1:4410-4681	leptospira_3	2
446	GCF_001568175.1_ASM156817v1_genomic.fna.gz	NZ_JQQK01000117.1:9062-9316	leptospira_2	221
447	GCF_001568175.1_ASM156817v1_genomic.fna.gz	NZ_JQQK01000147.1:88-478	leptospira_2	221
448	GCF_001568175.1_ASM156817v1_genomic.fna.gz	NZ_JQQK01000147.1:643-814	leptospira_2	221
449	GCF_001568175.1_ASM156817v1_genomic.fna.gz	NZ_JQQK01000220.1:398-720	leptospira_2	221
450	GCF_001568175.1_ASM156817v1_genomic.fna.gz	NZ_JQQK01000220.1:1478-2016	leptospira_2	221
451	GCF_000758045.1_ASM75804v1_genomic.fna.gz	NZ_JPUC01000040.1:70-281	leptospira_2	99
451	GCF_000244055.1_gls454089v02_genomic.fna.gz	NZ_AHNF02000067.1:20100-20564	leptospira	22
452	GCF_000244055.1_gls454089v02_genomic.fna.gz	NZ_AHNF02000067.1:21055-21451	leptospira	22
453	GCF_000244055.1_gls454089v02_genomic.fna.gz	NZ_AHNF02000067.1:21617-22504	leptospira	22
454	GCF_000246675.1_CLC_glsol173_genomic.fna.gz	NZ_AHQZ01000314.1:55-519	leptospira	68
455	GCF_000246675.1_CLC_glsol173_genomic.fna.gz	NZ_AHQZ01000288.1:1443-2051	leptospira	68
456	GCF_000246675.1_CLC_glsol173_genomic.fna.gz	NZ_AHQZ01000281.1:4565-5891	leptospira	68
457	GCF_000246675.1_CLC_glsol173_genomic.fna.gz	NZ_AHQZ01000218.1:49775-50381	leptospira	68
458	GCF_000246675.1_CLC_glsol173_genomic.fna.gz	NZ_AHQZ01000091.1:3491-5891	leptospira	68
459	GCF_000246675.1_CLC_glsol173_genomic.fna.gz	NZ_AHQZ01000020.1:1209-2463	leptospira	68
460	GCF_000343695.1_CA_glsol143_genomic.fna.gz	NZ_AOVK01000071.1:7716-7971	leptospira	17
460	GCF_000306495.2_gls454079v02_genomic.fna.gz	NZ_AKWR02000141.1:25140-25522	leptospira_2	134
461	GCF_000306495.2_gls454079v02_genomic.fna.gz	NZ_AKWR02000141.1:25749-26069	leptospira_2	134
462	GCF_000347215.1_gls454042v01_genomic.fna.gz	NZ_ANIF01000017.1:43676-44142	leptospira	63
463	GCF_000347215.1_gls454042v01_genomic.fna.gz	NZ_ANIF01000025.1:30905-31517	leptospira	63
463	GCF_000347215.1_gls454042v01_genomic.fna.gz	NZ_ANIF01000028.1:76331-76657	leptospira	63
464	GCF_000347215.1_gls454042v01_genomic.fna.gz	NZ_ANIF01000050.1:8982-9234	leptospira	63
465	GCF_000347215.1_gls454042v01_genomic.fna.gz	NZ_ANIF01000065.1:1878-3058	leptospira	63
466	GCF_000347215.1_gls454042v01_genomic.fna.gz	NZ_ANIF01000123.1:26709-27174	leptospira	63
467	GCF_000347215.1_gls454042v01_genomic.fna.gz	NZ_ANIF01000129.1:37861-38258	leptospira	63
468	GCF_000347215.1_gls454042v01_genomic.fna.gz	NZ_ANIF01000146.1:24795-25116	leptospira	63
468	GCF_000244695.2_gls454177v02_genomic.fna.gz	NZ_AHOL02000019.1:51291-51546	leptospira_3	2
468	GCF_001569225.1_ASM156922v1_genomic.fna.gz	NZ_JQRE01000008.1:25844-26315	leptospira_2	254
469	GCF_001569225.1_ASM156922v1_genomic.fna.gz	NZ_JQRE01000014.1:23884-24493	leptospira_2	254
470	GCF_001569225.1_ASM156922v1_genomic.fna.gz	NZ_JQRE01000095.1:346-955	leptospira_2	254
471	GCF_001569225.1_ASM156922v1_genomic.fna.gz	NZ_JQRE01000224.1:12699-12952	leptospira_2	254
472	GCF_001569225.1_ASM156922v1_genomic.fna.gz	NZ_JQRE01000247.1:6467-7436	leptospira_2	254
473	GCF_001569225.1_ASM156922v1_genomic.fna.gz	NZ_JQRE01000288.1:10474-13373	leptospira_2	254
474	GCF_001569225.1_ASM156922v1_genomic.fna.gz	NZ_JQRE01000460.1:3107-3572	leptospira_2	254
475	GCF_001569225.1_ASM156922v1_genomic.fna.gz	NZ_JQRE01000519.1:1117-1571	leptospira_2	254
476	GCF_001568295.1_ASM156829v1_genomic.fna.gz	NZ_JQQZ01000040.1:326-599	leptospira_2	214
477	GCF_001568295.1_ASM156829v1_genomic.fna.gz	NZ_JQQZ01000048.1:14404-14860	leptospira_2	214
478	GCF_001568295.1_ASM156829v1_genomic.fna.gz	NZ_JQQZ01000095.1:26609-26882	leptospira_2	214
479	GCF_000343005.1_CA_glsol041_genomic.fna.gz	NZ_AOWT01000105.1:16997-17252	leptospira	17
479	GCF_001567745.1_ASM156774v1_genomic.fna.gz	NZ_JQOT01000072.1:9772-10019	leptospira	107
480	GCF_001569155.1_ASM156915v1_genomic.fna.gz	NZ_JQQX01000113.1:122-333	leptospira_2	99
480	GCF_001568985.1_ASM156898v1_genomic.fna.gz	NZ_JQQJ01000139.1:16544-16794	leptospira_2	5
481	GCF_001568985.1_ASM156898v1_genomic.fna.gz	NZ_JQQJ01000139.1:16959-17193	leptospira_2	5
482	GCF_001568985.1_ASM156898v1_genomic.fna.gz	NZ_JQQJ01000139.1:17682-18147	leptospira_2	5
483	GCF_000306475.1_gls454071v02_genomic.fna.gz	NZ_AKWS02000025.1:104447-105206	leptospira_2	171
484	GCF_000306475.1_gls454071v02_genomic.fna.gz	NZ_AKWS02000025.1:143171-143444	leptospira_2	171
485	GCF_000306475.1_gls454071v02_genomic.fna.gz	NZ_AKWS02000023.1:72670-73247	leptospira_2	171
486	GCF_000346895.1_gls454198v01_genomic.fna.gz	NZ_ANIM01000007.1:468-787	leptospira	62
487	GCF_000346895.1_gls454198v01_genomic.fna.gz	NZ_ANIM01000079.1:95334-95578	leptospira	62
488	GCF_000346895.1_gls454198v01_genomic.fna.gz	NZ_ANIM01000098.1:30199-30523	leptospira	62
489	GCF_000346895.1_gls454198v01_genomic.fna.gz	NZ_ANIM01000149.1:12127-12380	leptospira	62
490	GCF_000343165.1_CA_glsol113_genomic.fna.gz	NZ_AOVR01000005.1:75146-75401	leptospira_3	2
490	GCF_000246255.1_CLC_glsol051_genomic.fna.gz	NZ_AHQE01000186.1:325-1225	leptospira	50
490	GCF_000246255.1_CLC_glsol051_genomic.fna.gz	NZ_AHQE01000083.1:7502-7898	leptospira	50
490	GCF_001008335.2_ASM100833v2_genomic.fna.gz	NZ_CP028370.1:2337365-2337639	leptospira_2	262
491	GCF_001008335.2_ASM100833v2_genomic.fna.gz	NZ_CP028370.1:2450884-2451601	leptospira_2	262
492	GCF_001008335.2_ASM100833v2_genomic.fna.gz	NZ_CP028370.1:2553036-2553796	leptospira_2	262
493	GCF_001008335.2_ASM100833v2_genomic.fna.gz	NZ_CP028370.1:3316989-3317524	leptospira_2	262
493	GCF_001568535.1_ASM156853v1_genomic.fna.gz	NZ_JQOS01000347.1:175-499	leptospira	36
494	GCF_001568535.1_ASM156853v1_genomic.fna.gz	NZ_JQOS01000349.1:174-635	leptospira	36
495	GCF_000216675.1_CLC_glsol142_genomic.fna.gz	NZ_AFLD01000209.1:6886-7141	leptospira_3	2
495	GCF_000216675.1_CLC_glsol142_genomic.fna.gz	NZ_AFLD01000206.1:3858-4129	leptospira_3	2
495	GCF_000243975.2_LintL0996v0.2_genomic.fna.gz	NZ_AHNB02000053.1:25980-26231	leptospira	46
496	GCF_000243975.2_LintL0996v0.2_genomic.fna.gz	NZ_AHNB02000053.1:26652-26905	leptospira	46
497	GCF_000216695.1_CLC_glsol141_genomic.fna.gz	NZ_AFLC01000179.1:6894-7149	leptospira_3	2
497	GCF_000343455.1_CA_glsol032_genomic.fna.gz	NZ_AOWY01000071.1:28-270	leptospira	88
498	GCF_000343455.1_CA_glsol032_genomic.fna.gz	NZ_AOWY01000173.1:54485-54657	leptospira	88
498	GCF_000343455.1_CA_glsol032_genomic.fna.gz	NZ_AOWY01000173.1:55211-55461	leptospira	88
498	GCF_001569165.1_ASM156916v1_genomic.fna.gz	NZ_JQRB01000051.1:26166-26561	leptospira	169
499	GCF_001569165.1_ASM156916v1_genomic.fna.gz	NZ_JQRB01000199.1:6374-6981	leptospira	169
500	GCF_001569165.1_ASM156916v1_genomic.fna.gz	NZ_JQRB01000228.1:13777-15512	leptospira	169
501	GCF_001569165.1_ASM156916v1_genomic.fna.gz	NZ_JQRB01000272.1:185-513	leptospira	169
502	GCF_001569165.1_ASM156916v1_genomic.fna.gz	NZ_JQRB01000379.1:581-1906	leptospira	169
503	GCF_001569165.1_ASM156916v1_genomic.fna.gz	NZ_JQRB01000504.1:350-883	leptospira	169
504	GCF_001569165.1_ASM156916v1_genomic.fna.gz	NZ_JQRB01000572.1:0-596	leptospira	169
505	GCF_001567655.1_ASM156765v1_genomic.fna.gz	NZ_JQOO01000090.1:8860-9183	leptospira	1
505	GCF_001567655.1_ASM156765v1_genomic.fna.gz	NZ_JQOO01000090.1:9295-9546	leptospira	1
505	GCF_001567655.1_ASM156765v1_genomic.fna.gz	NZ_JQOO01000090.1:10041-10285	leptospira	1
505	GCF_001567655.1_ASM156765v1_genomic.fna.gz	NZ_JQOO01000250.1:0-244	leptospira	1
506	GCF_000243675.2_gls454047v02_genomic.fna.gz	NZ_AHMM02000017.1:566570-568061	leptospira_2	207
507	GCF_000243675.2_gls454047v02_genomic.fna.gz	NZ_AHMM02000017.1:625054-625713	leptospira_2	207
507	GCF_000243675.2_gls454047v02_genomic.fna.gz	NZ_AHMM02000013.1:2751-2930	leptospira_2	207
507	GCF_001567965.1_ASM156796v1_genomic.fna.gz	NZ_JQPP01000086.1:25540-25710	leptospira	97
508	GCF_001567965.1_ASM156796v1_genomic.fna.gz	NZ_JQPP01000257.1:209-1459	leptospira	97
509	GCF_001567965.1_ASM156796v1_genomic.fna.gz	NZ_JQPP01000377.1:0-315	leptospira	97
510	GCF_000306435.1_gls454068v2.0_genomic.fna.gz	NZ_AKWV02000063.1:79820-80824	leptospira_2	205
510	GCF_000306435.1_gls454068v2.0_genomic.fna.gz	NZ_AKWV02000060.1:92113-92580	leptospira_2	205
510	GCF_000306435.1_gls454068v2.0_genomic.fna.gz	NZ_AKWV02000058.1:12409-12683	leptospira_2	205
510	GCF_000306435.1_gls454068v2.0_genomic.fna.gz	NZ_AKWV02000037.1:101544-101996	leptospira_2	205
511	GCF_000306435.1_gls454068v2.0_genomic.fna.gz	NZ_AKWV02000026.1:19362-19865	leptospira_2	205
512	GCF_001995205.1_ASM199520v1_genomic.fna.gz	NZ_MVAF01000008.1:101629-102380	leptospira_3	49
513	GCF_001995205.1_ASM199520v1_genomic.fna.gz	NZ_MVAF01000008.1:102873-103263	leptospira_3	49
514	GCF_000244155.2_LintUI08434v0.2_genomic.fna.gz	NZ_AHNK02000002.1:17012-17333	leptospira	82
514	GCF_000244155.2_LintUI08434v0.2_genomic.fna.gz	NZ_AHNK02000002.1:20496-21101	leptospira	82
515	GCF_000243615.1_gls454044v1.0_genomic.fna.gz	NZ_AHMJ02000024.1:25924-26244	leptospira_2	142
516	GCF_000243615.1_gls454044v1.0_genomic.fna.gz	NZ_AHMJ02000012.1:54278-54450	leptospira_2	142
517	GCF_000243615.1_gls454044v1.0_genomic.fna.gz	NZ_AHMJ02000004.1:14978-15150	leptospira_2	142
518	GCF_000243615.1_gls454044v1.0_genomic.fna.gz	NZ_AHMJ02000002.1:107498-107962	leptospira_2	142
519	GCF_000217435.1_CLC_glsol035_genomic.fna.gz	NZ_AFJO01000208.1:47-295	leptospira_3	13
520	GCF_000216435.1_CLC_glsol191_genomic.fna.gz	NZ_AFLP01000088.1:7958-8355	leptospira_2	3
521	GCF_000216435.1_CLC_glsol191_genomic.fna.gz	NZ_AFLP01000050.1:655-1048	leptospira_2	3
522	GCF_000216435.1_CLC_glsol191_genomic.fna.gz	NZ_AFLP01000046.1:53-520	leptospira_2	3
523	GCF_000772835.2_ASM77283v2_genomic.fna.gz	NZ_JSVJ02000033.1:37571-37823	leptospira_3	98
523	GCF_000772835.2_ASM77283v2_genomic.fna.gz	NZ_JSVJ02000035.1:17599-17779	leptospira_3	98
523	GCF_000772835.2_ASM77283v2_genomic.fna.gz	NZ_JSVJ02000036.1:15157-15410	leptospira_3	98
523	GCF_000772835.2_ASM77283v2_genomic.fna.gz	NZ_JSVJ02000046.1:10579-10833	leptospira_3	98
523	GCF_000772835.2_ASM77283v2_genomic.fna.gz	NZ_JSVJ02000049.1:31766-32230	leptospira_3	98
524	GCF_000772835.2_ASM77283v2_genomic.fna.gz	NZ_JSVJ02000099.1:570-793	leptospira_3	98
524	GCF_000772835.2_ASM77283v2_genomic.fna.gz	NZ_JSVJ02000135.1:424-1029	leptospira_3	98
524	GCF_000216575.1_CLC_glsol155_genomic.fna.gz	NZ_AFLI01000156.1:6782-7037	leptospira_3	2
524	GCF_900156205.1_IMG-taxon_2681812812_annotated_assembly_genomic.fna.gz	NZ_FTNA01000030.1:25883-26138	leptospira	17
524	GCF_900156205.1_IMG-taxon_2681812812_annotated_assembly_genomic.fna.gz	NZ_FTNA01000014.1:57057-57328	leptospira	17
524	GCF_000347235.1_gls454008v01_genomic.fna.gz	NZ_ANCE01000035.1:3180-3346	leptospira	67
525	GCF_000347235.1_gls454008v01_genomic.fna.gz	NZ_ANCE01000052.1:4109-5785	leptospira	67
526	GCF_000347235.1_gls454008v01_genomic.fna.gz	NZ_ANCE01000080.1:3629-4021	leptospira	67
527	GCF_000347235.1_gls454008v01_genomic.fna.gz	NZ_ANCE01000113.1:24750-25430	leptospira	67
528	GCF_000347235.1_gls454008v01_genomic.fna.gz	NZ_ANCE01000124.1:10964-11857	leptospira	67
529	GCF_000347235.1_gls454008v01_genomic.fna.gz	NZ_ANCE01000149.1:32991-33318	leptospira	67
530	GCF_000347235.1_gls454008v01_genomic.fna.gz	NZ_ANCE01000163.1:8466-9941	leptospira	67
531	GCF_000347235.1_gls454008v01_genomic.fna.gz	NZ_ANCE01000165.1:6532-7426	leptospira	67
532	GCF_002009845.1_ASM200984v1_genomic.fna.gz	NZ_JQGW01000031.1:176-324	leptospira	207
533	GCF_002009845.1_ASM200984v1_genomic.fna.gz	NZ_JQGW01000095.1:125-824	leptospira	207
534	GCF_002009845.1_ASM200984v1_genomic.fna.gz	NZ_JQGW01000100.1:88-360	leptospira	207
535	GCF_002009845.1_ASM200984v1_genomic.fna.gz	NZ_JQGW01000104.1:124-627	leptospira	207
536	GCF_001568855.1_ASM156885v1_genomic.fna.gz	NZ_JQPV01000085.1:16474-17293	leptospira	102
536	GCF_001568855.1_ASM156885v1_genomic.fna.gz	NZ_JQPV01000301.1:411-726	leptospira	102
536	GCF_001568855.1_ASM156885v1_genomic.fna.gz	NZ_JQPV01000301.1:1217-1538	leptospira	102
536	GCF_001568855.1_ASM156885v1_genomic.fna.gz	NZ_JQPV01000373.1:473-1011	leptospira	102
537	GCF_000244095.1_gls454092v02_genomic.fna.gz	NZ_AHNH02000005.1:40211-40676	leptospira	49
538	GCF_000244095.1_gls454092v02_genomic.fna.gz	NZ_AHNH02000004.1:6645-7033	leptospira	49
538	GCF_000092565.1_ASM9256v1_genomic.fna.gz	NC_004342.2:3163252-3163502	leptospira	1
539	GCF_000092565.1_ASM9256v1_genomic.fna.gz	NC_004342.2:3163659-3163980	leptospira	1
540	GCF_000092565.1_ASM9256v1_genomic.fna.gz	NC_004342.2:3164475-3164726	leptospira	1
540	GCF_000092565.1_ASM9256v1_genomic.fna.gz	NC_004342.2:3164838-3165161	leptospira	1
540	GCF_000216555.2_CLC_glsol156_genomic.fna.gz	NZ_AFLJ01000199.1:6912-7167	leptospira_3	2
540	GCF_000217555.2_CA_glsol088_genomic.fna.gz	NZ_AFJX02000053.1:7811-8066	leptospira	17
540	GCF_000306335.1_gls454125v02_genomic.fna.gz	NZ_AKWM02000082.1:24749-25267	leptospira_2	250
541	GCF_000306335.1_gls454125v02_genomic.fna.gz	NZ_AKWM02000069.1:1262-2027	leptospira_2	250
542	GCF_000306335.1_gls454125v02_genomic.fna.gz	NZ_AKWM02000060.1:685-1510	leptospira_2	250
543	GCF_000306335.1_gls454125v02_genomic.fna.gz	NZ_AKWM02000002.1:248675-249131	leptospira_2	250
544	GCF_000244235.2_gls454102v2.0_genomic.fna.gz	NZ_AHNO02000020.1:24895-25137	leptospira	37
544	GCF_000244235.2_gls454102v2.0_genomic.fna.gz	NZ_AHNO02000020.1:25627-26747	leptospira	37
544	GCF_000244235.2_gls454102v2.0_genomic.fna.gz	NZ_AHNO02000020.1:26903-27802	leptospira	37
544	GCF_000244335.2_gls454107v02_genomic.fna.gz	NZ_AHNT02000050.1:19248-20364	leptospira	86
545	GCF_000216775.1_CLC_glsol135_genomic.fna.gz	NZ_AFKY01000220.1:3858-4129	leptospira_3	2
545	GCF_000216775.1_CLC_glsol135_genomic.fna.gz	NZ_AFKY01000162.1:6912-7167	leptospira_3	2
545	GCF_000342925.1_CA_glsol201_genomic.fna.gz	NZ_AOUT01000093.1:16663-17695	leptospira_2	54
546	GCF_000243575.1_gls454035v02_genomic.fna.gz	NZ_AHMH02000142.1:13151-14185	leptospira_2	187
547	GCF_000243575.1_gls454035v02_genomic.fna.gz	NZ_AHMH02000089.1:10221-10753	leptospira_2	187
548	GCF_000243575.1_gls454035v02_genomic.fna.gz	NZ_AHMH02000088.1:19150-19481	leptospira_2	187
549	GCF_000243575.1_gls454035v02_genomic.fna.gz	NZ_AHMH02000069.1:32903-33365	leptospira_2	187
550	GCF_000243575.1_gls454035v02_genomic.fna.gz	NZ_AHMH02000050.1:8687-9937	leptospira_2	187
551	GCF_000243575.1_gls454035v02_genomic.fna.gz	NZ_AHMH02000008.1:15073-15896	leptospira_2	187
552	GCF_000243575.1_gls454035v02_genomic.fna.gz	NZ_AHMH02000008.1:48628-48872	leptospira_2	187
553	GCF_000342825.1_CA_glsol094_genomic.fna.gz	NZ_AOWB01000040.1:19484-19739	leptospira	17
553	GCF_001569485.1_ASM156948v1_genomic.fna.gz	NZ_JQSA01000023.1:12380-12530	leptospira	153
554	GCF_000342765.1_CA_glsol043_genomic.fna.gz	NZ_AOWR01000122.1:31299-31570	leptospira_3	2
554	GCF_000342765.1_CA_glsol043_genomic.fna.gz	NZ_AOWR01000132.1:7899-8154	leptospira_3	2
554	GCF_001569265.1_ASM156926v1_genomic.fna.gz	NZ_JQRG01000069.1:70321-71325	leptospira_2	159
554	GCF_001569265.1_ASM156926v1_genomic.fna.gz	NZ_JQRG01000084.1:15910-16549	leptospira_2	159
554	GCF_000217275.1_CLC_glsol100_genomic.fna.gz	NZ_AFJZ01000541.1:6886-7141	leptospira_3	2
554	GCF_001568215.1_ASM156821v1_genomic.fna.gz	NZ_JQQN01000142.1:8860-9183	leptospira	1
554	GCF_001568215.1_ASM156821v1_genomic.fna.gz	NZ_JQQN01000142.1:9295-9546	leptospira	1
554	GCF_001568215.1_ASM156821v1_genomic.fna.gz	NZ_JQQN01000142.1:10041-10285	leptospira	1
554	GCF_001568215.1_ASM156821v1_genomic.fna.gz	NZ_JQQN01000225.1:329-572	leptospira	1
554	GCF_000216915.1_CLC_glsol126_genomic.fna.gz	NZ_AFKR01000225.1:6894-7149	leptospira_3	2
554	GCF_001412475.2_ASM141247v2_genomic.fna.gz	NZ_LIIY02000001.1:25182-25650	leptospira_2	3
555	GCF_001412475.2_ASM141247v2_genomic.fna.gz	NZ_LIIY02000001.1:25806-27208	leptospira_2	3
556	GCF_001412475.2_ASM141247v2_genomic.fna.gz	NZ_LIIY02000001.1:27628-28243	leptospira_2	3
557	GCF_001569215.1_ASM156921v1_genomic.fna.gz	NZ_JQRC01000065.1:114878-115626	leptospira_2	252
558	GCF_001569215.1_ASM156921v1_genomic.fna.gz	NZ_JQRC01000066.1:534-2069	leptospira_2	252
559	GCF_001569215.1_ASM156921v1_genomic.fna.gz	NZ_JQRC01000072.1:1255-3571	leptospira_2	252
560	GCF_001569215.1_ASM156921v1_genomic.fna.gz	NZ_JQRC01000084.1:2980-4087	leptospira_2	252
561	GCF_001569215.1_ASM156921v1_genomic.fna.gz	NZ_JQRC01000084.1:28188-28408	leptospira_2	252
562	GCF_001569215.1_ASM156921v1_genomic.fna.gz	NZ_JQRC01000117.1:27131-27875	leptospira_2	252
563	GCF_001569215.1_ASM156921v1_genomic.fna.gz	NZ_JQRC01000136.1:25841-26012	leptospira_2	252
564	GCF_000216735.1_CLC_glsol137_genomic.fna.gz	NZ_AFLA01000142.1:7669-7924	leptospira_3	2
564	GCF_000216535.1_CLC_glsol157_genomic.fna.gz	NZ_AFLK01000233.1:6920-7175	leptospira_3	2
564	GCF_000243695.2_gls454049v02_genomic.fna.gz	NZ_AHMN02000020.1:13804-14192	leptospira	70
565	GCF_000243695.2_gls454049v02_genomic.fna.gz	NZ_AHMN02000011.1:380316-380487	leptospira	70
566	GCF_000243695.2_gls454049v02_genomic.fna.gz	NZ_AHMN02000010.1:88469-88720	leptospira	70
567	GCF_000243695.2_gls454049v02_genomic.fna.gz	NZ_AHMN02000005.1:233715-233885	leptospira	70
568	GCF_001568205.1_ASM156820v1_genomic.fna.gz	NZ_JQQL01000409.1:1227-1401	leptospira_2	222
569	GCF_000342645.1_CA_glsol063_genomic.fna.gz	NZ_AOWJ01000029.1:113-581	leptospira_2	3
569	GCF_000342645.1_CA_glsol063_genomic.fna.gz	NZ_AOWJ01000062.1:324-868	leptospira_2	3
570	GCF_001567645.1_ASM156764v1_genomic.fna.gz	NZ_JQOL01000211.1:6969-7726	leptospira	109
571	GCF_000217575.2_CA_glsol089_genomic.fna.gz	NZ_AFJY02000030.1:7894-8149	leptospira_3	2
571	GCF_000342805.1_CA_glsol064_genomic.fna.gz	NZ_AOWI01000138.1:59-385	leptospira_2	128
572	GCF_000342805.1_CA_glsol064_genomic.fna.gz	NZ_AOWI01000218.1:44-360	leptospira_2	128
573	GCF_000342805.1_CA_glsol064_genomic.fna.gz	NZ_AOWI01000223.1:6928-8257	leptospira_2	128
574	GCF_001567675.1_ASM156767v1_genomic.fna.gz	NZ_JQON01000166.1:8793-9037	leptospira	1
574	GCF_001567675.1_ASM156767v1_genomic.fna.gz	NZ_JQON01000208.1:329-572	leptospira	1
574	GCF_000216755.1_CLC_glsol136_genomic.fna.gz	NZ_AFKZ01000191.1:7684-7939	leptospira_3	2
574	GCF_002370085.2_ASM237008v2_genomic.fna.gz	NZ_NKYH02000031.1:17027-17271	leptospira	26
575	GCF_002370085.2_ASM237008v2_genomic.fna.gz	NZ_NKYH02000031.1:18031-18426	leptospira	26
576	GCF_000217515.1_gls454027v2.0_genomic.fna.gz	NZ_AFJK02000056.1:55519-55983	leptospira	51
576	GCF_000217515.1_gls454027v2.0_genomic.fna.gz	NZ_AFJK02000056.1:56413-57443	leptospira	51
576	GCF_001567975.1_ASM156797v1_genomic.fna.gz	NZ_JQPQ01000031.1:999-1250	leptospira_2	234
576	GCF_001567975.1_ASM156797v1_genomic.fna.gz	NZ_JQPQ01000031.1:1670-1991	leptospira_2	234
576	GCF_001567975.1_ASM156797v1_genomic.fna.gz	NZ_JQPQ01000142.1:0-458	leptospira_2	234
577	GCF_000217335.2_CA_glsol083_genomic.fna.gz	NZ_AFJT02000065.1:11831-12086	leptospira_3	2
577	GCF_000216955.1_CLC_glsol123_genomic.fna.gz	NZ_AFKP01000111.1:7681-7936	leptospira_3	2
577	GCF_000244075.1_gls454090v2.0_genomic.fna.gz	NZ_AHNG02000020.1:113375-113720	leptospira	143
577	GCF_000244075.1_gls454090v2.0_genomic.fna.gz	NZ_AHNG02000014.1:23808-24021	leptospira	143
578	GCF_000216595.2_CA_glsol154_genomic.fna.gz	NZ_AFLH02000390.1:9002-9257	leptospira_3	2
578	GCF_000216595.2_CA_glsol154_genomic.fna.gz	NZ_AFLH02000193.1:7020-7258	leptospira_3	2
579	GCF_000306575.1_gls454130v02_genomic.fna.gz	NZ_AKWI02000044.1:48442-49020	leptospira_2	160
580	GCF_000306575.1_gls454130v02_genomic.fna.gz	NZ_AKWI02000027.1:333584-333918	leptospira_2	160
581	GCF_000306575.1_gls454130v02_genomic.fna.gz	NZ_AKWI02000002.1:37607-38185	leptospira_2	160
582	GCF_000306575.1_gls454130v02_genomic.fna.gz	NZ_AKWI02000002.1:313263-313792	leptospira_2	160
583	GCF_000306575.1_gls454130v02_genomic.fna.gz	NZ_AKWI02000002.1:316280-316533	leptospira_2	160
584	GCF_000217355.1_CLC_glsol082_genomic.fna.gz	NZ_AFJS01000229.1:6866-7121	leptospira_3	2
584	GCF_000306455.1_gls454070v02_genomic.fna.gz	NZ_AKWT02000064.1:186384-187083	leptospira_2	161
585	GCF_000306455.1_gls454070v02_genomic.fna.gz	NZ_AKWT02000061.1:10521-11350	leptospira_2	161
586	GCF_000306455.1_gls454070v02_genomic.fna.gz	NZ_AKWT02000058.1:38016-38840	leptospira_2	161
587	GCF_000306455.1_gls454070v02_genomic.fna.gz	NZ_AKWT02000003.1:39454-39724	leptospira_2	161
588	GCF_000244835.1_gls454191v02_genomic.fna.gz	NZ_AHOS02000020.1:191058-191476	leptospira_2	179
589	GCF_000244835.1_gls454191v02_genomic.fna.gz	NZ_AHOS02000016.1:20212-20667	leptospira_2	179
590	GCF_000244835.1_gls454191v02_genomic.fna.gz	NZ_AHOS02000006.1:225654-226288	leptospira_2	179
591	GCF_000217375.1_CLC_glsol081_genomic.fna.gz	NZ_AFJR01000251.1:2795-3066	leptospira_3	2
591	GCF_000217375.1_CLC_glsol081_genomic.fna.gz	NZ_AFJR01000237.1:7681-7936	leptospira_3	2
591	GCF_001584245.1_ASM158424v1_genomic.fna.gz	NZ_LSSQ01000001.1:153490-153957	leptospira	124
592	GCF_001584245.1_ASM158424v1_genomic.fna.gz	NZ_LSSQ01000002.1:75630-76097	leptospira	124
592	GCF_001584245.1_ASM158424v1_genomic.fna.gz	NZ_LSSQ01000002.1:140882-141108	leptospira	124
592	GCF_001584245.1_ASM158424v1_genomic.fna.gz	NZ_LSSQ01000004.1:92833-93300	leptospira	124
593	GCF_001584245.1_ASM158424v1_genomic.fna.gz	NZ_LSSQ01000014.1:22018-22341	leptospira	124
593	GCF_001584245.1_ASM158424v1_genomic.fna.gz	NZ_LSSQ01000038.1:1229-1832	leptospira	124
593	GCF_001584245.1_ASM158424v1_genomic.fna.gz	NZ_LSSQ01000077.1:78549-79448	leptospira	124
593	GCF_001567895.1_ASM156789v1_genomic.fna.gz	NZ_JQPJ01000190.1:337-507	leptospira_3	60
594	GCF_000216795.1_CLC_glsol134_genomic.fna.gz	NZ_AFKX01000248.1:7669-7924	leptospira_3	2
594	GCF_000216815.1_CLC_glsol133_genomic.fna.gz	NZ_AFKW01000292.1:7676-7931	leptospira_3	2
594	GCF_000306925.1_gls454020v2.0_genomic.fna.gz	NZ_AKXC02000057.1:324309-324630	leptospira_3	11
594	GCF_000306925.1_gls454020v2.0_genomic.fna.gz	NZ_AKXC02000057.1:326708-327036	leptospira_3	11
594	GCF_000216095.1_CLC_glsol040_genomic.fna.gz	NZ_AFMG01000128.1:7668-7923	leptospira_3	2
594	GCF_001568725.1_ASM156872v1_genomic.fna.gz	NZ_JQPI01000434.1:88-623	leptospira_2	228
595	GCF_000342865.1_CA_glsol054_genomic.fna.gz	NZ_AOWP01000151.1:16597-17062	leptospira	49
595	GCF_001568655.1_ASM156865v1_genomic.fna.gz	NZ_JQPF01000098.1:17273-17868	leptospira	201
596	GCF_001568655.1_ASM156865v1_genomic.fna.gz	NZ_JQPF01000322.1:0-251	leptospira	201
597	GCF_001568655.1_ASM156865v1_genomic.fna.gz	NZ_JQPF01000322.1:406-799	leptospira	201
598	GCF_001569305.1_ASM156930v1_genomic.fna.gz	NZ_JQRL01000032.1:461-1406	leptospira_2	259
599	GCF_001569305.1_ASM156930v1_genomic.fna.gz	NZ_JQRL01000033.1:12074-12592	leptospira_2	259
600	GCF_001569305.1_ASM156930v1_genomic.fna.gz	NZ_JQRL01000047.1:9813-10206	leptospira_2	259
601	GCF_001444465.1_ASM144446v1_genomic.fna.gz	NZ_CP012029.1:412487-412698	leptospira_2	99
601	GCF_000246455.1_CLC_glsol071_genomic.fna.gz	NZ_AHQO01000252.1:15976-16231	leptospira_3	2
601	GCF_000342685.1_CA_glsol055_genomic.fna.gz	NZ_AOWO01000040.1:82469-82633	leptospira	75
601	GCF_000342685.1_CA_glsol055_genomic.fna.gz	NZ_AOWO01000136.1:16220-16684	leptospira	75
602	GCF_000342685.1_CA_glsol055_genomic.fna.gz	NZ_AOWO01000136.1:17074-17590	leptospira	75
603	GCF_000216335.1_Lint2002000621v2.0_genomic.fna.gz	NZ_AFLU02000045.1:61123-61587	leptospira	51
603	GCF_000216335.1_Lint2002000621v2.0_genomic.fna.gz	NZ_AFLU02000045.1:62017-63047	leptospira	51
603	GCF_000216335.1_Lint2002000621v2.0_genomic.fna.gz	NZ_AFLU02000012.1:224701-224922	leptospira	51
604	GCF_000217475.2_gls454038v02_genomic.fna.gz	NZ_AFJM02000022.1:31616-32316	leptospira_2	195
605	GCF_000217475.2_gls454038v02_genomic.fna.gz	NZ_AFJM02000022.1:61229-61988	leptospira_2	195
606	GCF_000217475.2_gls454038v02_genomic.fna.gz	NZ_AFJM02000018.1:75939-76210	leptospira_2	195
607	GCF_001569455.1_ASM156945v1_genomic.fna.gz	NZ_JQRX01000050.1:123-274	leptospira	143
608	GCF_001569455.1_ASM156945v1_genomic.fna.gz	NZ_JQRX01000097.1:27538-27826	leptospira	143
609	GCF_001569445.1_ASM156944v1_genomic.fna.gz	NZ_JQRT01000183.1:754-1061	leptospira_2	200
610	GCF_001569445.1_ASM156944v1_genomic.fna.gz	NZ_JQRT01000212.1:66-816	leptospira_2	200
611	GCF_000306595.1_Lkirs200803703v0.2_genomic.fna.gz	NZ_AKWG02000080.1:29524-29762	leptospira_2	149
612	GCF_000306595.1_Lkirs200803703v0.2_genomic.fna.gz	NZ_AKWG02000077.1:27307-28059	leptospira_2	149
613	GCF_000306595.1_Lkirs200803703v0.2_genomic.fna.gz	NZ_AKWG02000049.1:4160-4835	leptospira_2	149
614	GCF_000306595.1_Lkirs200803703v0.2_genomic.fna.gz	NZ_AKWG02000042.1:53631-53888	leptospira_2	149
615	GCF_000306595.1_Lkirs200803703v0.2_genomic.fna.gz	NZ_AKWG02000030.1:46439-46896	leptospira_2	149
616	GCF_000306595.1_Lkirs200803703v0.2_genomic.fna.gz	NZ_AKWG02000010.1:35057-36027	leptospira_2	149
617	GCF_000306595.1_Lkirs200803703v0.2_genomic.fna.gz	NZ_AKWG02000008.1:25891-28374	leptospira_2	149
618	GCF_000246595.1_CLC_glsol169_genomic.fna.gz	NZ_AHQV01000125.1:8567-8738	leptospira	46
619	GCF_000246595.1_CLC_glsol169_genomic.fna.gz	NZ_AHQV01000026.1:159-412	leptospira	46
619	GCF_000244215.1_LborgUI09149v2.0_genomic.fna.gz	NZ_AHNN02000022.1:23678-24073	leptospira	144
620	GCF_000244215.1_LborgUI09149v2.0_genomic.fna.gz	NZ_AHNN02000011.1:269359-269583	leptospira	144
621	GCF_000246135.1_CLC_glsol034_genomic.fna.gz	NZ_AHPY01000286.1:325-1225	leptospira	50
621	GCF_000246135.1_CLC_glsol034_genomic.fna.gz	NZ_AHPY01000077.1:7502-7898	leptospira	50
621	GCF_001568765.1_ASM156876v1_genomic.fna.gz	NZ_JQPM01000026.1:839-1227	leptospira_2	231
622	GCF_001568765.1_ASM156876v1_genomic.fna.gz	NZ_JQPM01000140.1:8682-9146	leptospira_2	231
622	GCF_001568765.1_ASM156876v1_genomic.fna.gz	NZ_JQPM01000239.1:11636-12031	leptospira_2	231
623	GCF_001568765.1_ASM156876v1_genomic.fna.gz	NZ_JQPM01000239.1:12189-12585	leptospira_2	231
624	GCF_001568765.1_ASM156876v1_genomic.fna.gz	NZ_JQPM01000284.1:136-376	leptospira_2	231
625	GCF_000306235.2_gls454058v2.0_genomic.fna.gz	NZ_AKWZ02000010.1:1694299-1694632	leptospira_2	202
626	GCF_000306235.2_gls454058v2.0_genomic.fna.gz	NZ_AKWZ02000010.1:1695946-1696339	leptospira_2	202
627	GCF_000306235.2_gls454058v2.0_genomic.fna.gz	NZ_AKWZ02000004.1:200758-201886	leptospira_2	202
628	GCF_001568375.1_ASM156837v1_genomic.fna.gz	NZ_JQRI01000084.1:18001-18335	leptospira	176
629	GCF_000342905.1_CA_glsol053_genomic.fna.gz	NZ_AOWQ01000120.1:8026-8703	leptospira	76
630	GCF_000216935.1_CLC_glsol125_genomic.fna.gz	NZ_AFKQ01000207.1:6912-7167	leptospira_3	2
630	GCF_000343305.1_CA_glsol164_genomic.fna.gz	NZ_AOUZ01000088.1:38554-38772	leptospira	17
630	GCF_000343305.1_CA_glsol164_genomic.fna.gz	NZ_AOUZ01000098.1:19309-19564	leptospira	17
630	GCF_000941035.1_ASM94103v1_genomic.fna.gz	NZ_CP006723.1:3202939-3204121	leptospira	92
631	GCF_000941035.1_ASM94103v1_genomic.fna.gz	NZ_CP006723.1:3206160-3206481	leptospira	92
631	GCF_001568305.1_ASM156830v1_genomic.fna.gz	NZ_JQRA01000117.1:18483-18633	leptospira	153
632	GCF_000306635.1_gls454172v02_genomic.fna.gz	NZ_AKWD02000064.1:25266-25887	leptospira_2	136
633	GCF_000306635.1_gls454172v02_genomic.fna.gz	NZ_AKWD02000064.1:108577-109045	leptospira_2	136
634	GCF_000306635.1_gls454172v02_genomic.fna.gz	NZ_AKWD02000062.1:56177-57048	leptospira_2	136
635	GCF_000306635.1_gls454172v02_genomic.fna.gz	NZ_AKWD02000062.1:65416-65866	leptospira_2	136
636	GCF_000306635.1_gls454172v02_genomic.fna.gz	NZ_AKWD02000029.1:54116-54730	leptospira_2	136
637	GCF_000306635.1_gls454172v02_genomic.fna.gz	NZ_AKWD02000029.1:108934-110322	leptospira_2	136
638	GCF_001567985.1_ASM156798v1_genomic.fna.gz	NZ_JQPS01000116.1:15011-15687	leptospira	202
639	GCF_000343755.1_CA_glsol147_genomic.fna.gz	NZ_AOVH01000069.1:5771-5989	leptospira_3	2
639	GCF_000343755.1_CA_glsol147_genomic.fna.gz	NZ_AOVH01000137.1:7688-7943	leptospira_3	2
639	GCF_000216995.1_CLC_glsol120_genomic.fna.gz	NZ_AFKN01000249.1:7669-7924	leptospira_3	2
639	GCF_002018105.1_ASM201810v1_genomic.fna.gz	NZ_MVIT01000062.1:29711-30031	leptospira_2	102
640	GCF_002018105.1_ASM201810v1_genomic.fna.gz	NZ_MVIT01000077.1:188708-189033	leptospira_2	102
641	GCF_002018105.1_ASM201810v1_genomic.fna.gz	NZ_MVIT01000042.1:24146-24611	leptospira_2	102
642	GCF_002018105.1_ASM201810v1_genomic.fna.gz	NZ_MVIT01000043.1:9501-9822	leptospira_2	102
643	GCF_002018105.1_ASM201810v1_genomic.fna.gz	NZ_MVIT01000074.1:129444-129833	leptospira_2	102
644	GCF_000332415.1_gls454060v02_genomic.fna.gz	NZ_AOHC02000026.1:106587-108015	leptospira_2	192
645	GCF_000332415.1_gls454060v02_genomic.fna.gz	NZ_AOHC02000026.1:108075-109490	leptospira_2	192
646	GCF_000332415.1_gls454060v02_genomic.fna.gz	NZ_AOHC02000026.1:109671-110575	leptospira_2	192
647	GCF_000332415.1_gls454060v02_genomic.fna.gz	NZ_AOHC02000026.1:110952-111492	leptospira_2	192
648	GCF_000332415.1_gls454060v02_genomic.fna.gz	NZ_AOHC02000026.1:112161-112368	leptospira_2	192
649	GCF_000332415.1_gls454060v02_genomic.fna.gz	NZ_AOHC02000023.1:18459-19587	leptospira_2	192
650	GCF_000332415.1_gls454060v02_genomic.fna.gz	NZ_AOHC02000012.1:25758-26804	leptospira_2	192
651	GCF_000343225.1_CA_glsol138_genomic.fna.gz	NZ_AOVM01000082.1:24120-24375	leptospira	17
651	GCF_001952685.1_ASM195268v1_genomic.fna.gz	NZ_MTAS01000043.1:256885-257219	leptospira_2	103
652	GCF_001952685.1_ASM195268v1_genomic.fna.gz	NZ_MTAS01000006.1:92188-92707	leptospira_2	103
653	GCF_001952685.1_ASM195268v1_genomic.fna.gz	NZ_MTAS01000007.1:15726-16333	leptospira_2	103
654	GCF_001952685.1_ASM195268v1_genomic.fna.gz	NZ_MTAS01000009.1:18963-19603	leptospira_2	103
655	GCF_000216315.1_gls454036v02_genomic.fna.gz	NZ_AFLV02000030.1:20899-21659	leptospira_2	194
656	GCF_000216315.1_gls454036v02_genomic.fna.gz	NZ_AFLV02000023.1:66711-67227	leptospira_2	194
657	GCF_000343655.1_CA_glsol124_genomic.fna.gz	NZ_AOVP01000127.1:7698-7953	leptospira	17
657	GCF_000243955.2_LintL0448v0.2_genomic.fna.gz	NZ_AHNA02000026.1:87965-88218	leptospira	46
657	GCF_000243955.2_LintL0448v0.2_genomic.fna.gz	NZ_AHNA02000026.1:88639-88890	leptospira	46
657	GCF_000343635.1_CA_glsol108_genomic.fna.gz	NZ_AOVS01000090.1:10659-10914	leptospira	17
657	GCF_000343635.1_CA_glsol108_genomic.fna.gz	NZ_AOVS01000137.1:4604-4822	leptospira	17
657	GCF_000343535.1_CA_glsol086_genomic.fna.gz	NZ_AOWG01000066.1:7892-8147	leptospira_3	2
657	GCF_001568645.1_ASM156864v1_genomic.fna.gz	NZ_JQPA01000072.1:75-400	leptospira	108
658	GCF_001568645.1_ASM156864v1_genomic.fna.gz	NZ_JQPA01000072.1:2425-2674	leptospira	108
659	GCF_001568645.1_ASM156864v1_genomic.fna.gz	NZ_JQPA01000237.1:8996-9391	leptospira	108
660	GCF_000343835.1_CA_glsol161_genomic.fna.gz	NZ_AOVA01000065.1:7740-7995	leptospira_3	2
660	GCF_000343835.1_CA_glsol161_genomic.fna.gz	NZ_AOVA01000070.1:4626-4897	leptospira_3	2
660	GCF_000217395.1_CLC_glsol080_genomic.fna.gz	NZ_AFJQ01000160.1:6912-7167	leptospira_3	2
660	GCF_000216255.2_gls454041v02_genomic.fna.gz	NZ_AFLY02000082.1:15444-16776	leptospira_2	186
661	GCF_000216255.2_gls454041v02_genomic.fna.gz	NZ_AFLY02000062.1:6789-7966	leptospira_2	186
662	GCF_000216255.2_gls454041v02_genomic.fna.gz	NZ_AFLY02000062.1:196080-197192	leptospira_2	186
663	GCF_000216255.2_gls454041v02_genomic.fna.gz	NZ_AFLY02000050.1:49697-50731	leptospira_2	186
664	GCF_000216255.2_gls454041v02_genomic.fna.gz	NZ_AFLY02000038.1:16821-17985	leptospira_2	186
665	GCF_000216255.2_gls454041v02_genomic.fna.gz	NZ_AFLY02000021.1:30944-31266	leptospira_2	186
666	GCF_000216255.2_gls454041v02_genomic.fna.gz	NZ_AFLY02000013.1:10811-12425	leptospira_2	186
667	GCF_000216255.2_gls454041v02_genomic.fna.gz	NZ_AFLY02000013.1:12712-12984	leptospira_2	186
668	GCF_000244175.1_gls454099v02_genomic.fna.gz	NZ_AHNL02000009.1:50470-50721	leptospira	46
668	GCF_000244175.1_gls454099v02_genomic.fna.gz	NZ_AHNL02000009.1:51142-51395	leptospira	46
668	GCF_000246495.1_CLC_glsol074_genomic.fna.gz	NZ_AHQQ01000289.1:2785-3056	leptospira_3	2
668	GCF_000246495.1_CLC_glsol074_genomic.fna.gz	NZ_AHQQ01000191.1:7681-7936	leptospira_3	2
668	GCF_000243515.1_gls454019v2.0_genomic.fna.gz	NZ_AHME02000064.1:302249-302421	leptospira	88
668	GCF_000243515.1_gls454019v2.0_genomic.fna.gz	NZ_AHME02000064.1:303237-303487	leptospira	88
668	GCF_002009835.1_ASM200983v1_genomic.fna.gz	NZ_JQGT01000012.1:38909-39468	leptospira	158
669	GCF_002009835.1_ASM200983v1_genomic.fna.gz	NZ_JQGT01000117.1:41282-42802	leptospira	158
670	GCF_002009835.1_ASM200983v1_genomic.fna.gz	NZ_JQGT01000154.1:1762-2707	leptospira	158
671	GCF_000343715.1_CA_glsol145_genomic.fna.gz	NZ_AOVJ01000137.1:15706-15961	leptospira_3	2
671	GCF_001569205.1_ASM156920v1_genomic.fna.gz	NZ_JQRD01000175.1:570-1248	leptospira	163
672	GCF_001569205.1_ASM156920v1_genomic.fna.gz	NZ_JQRD01000189.1:23994-24598	leptospira	163
673	GCF_001569205.1_ASM156920v1_genomic.fna.gz	NZ_JQRD01000238.1:20770-21092	leptospira	163
674	GCF_001569205.1_ASM156920v1_genomic.fna.gz	NZ_JQRD01000286.1:10507-11391	leptospira	163
675	GCF_001569205.1_ASM156920v1_genomic.fna.gz	NZ_JQRD01000348.1:1238-1779	leptospira	163
676	GCF_001569205.1_ASM156920v1_genomic.fna.gz	NZ_JQRD01000440.1:288-965	leptospira	163
677	GCF_001569205.1_ASM156920v1_genomic.fna.gz	NZ_JQRD01000473.1:1179-1711	leptospira	163
678	GCF_000216715.1_CLC_glsol140_genomic.fna.gz	NZ_AFLB01000190.1:7684-7939	leptospira_3	2
678	GCF_000306195.1_gls454024v02_genomic.fna.gz	NZ_AKXB02000144.1:22424-22594	leptospira	168
679	GCF_000306195.1_gls454024v02_genomic.fna.gz	NZ_AKXB02000116.1:6487-6945	leptospira	168
680	GCF_000306195.1_gls454024v02_genomic.fna.gz	NZ_AKXB02000110.1:50741-52770	leptospira	168
681	GCF_000306195.1_gls454024v02_genomic.fna.gz	NZ_AKXB02000093.1:105975-106724	leptospira	168
682	GCF_000306195.1_gls454024v02_genomic.fna.gz	NZ_AKXB02000081.1:1075-1965	leptospira	168
683	GCF_000306195.1_gls454024v02_genomic.fna.gz	NZ_AKXB02000080.1:268-1089	leptospira	168
684	GCF_000306195.1_gls454024v02_genomic.fna.gz	NZ_AKXB02000064.1:15202-15537	leptospira	168
685	GCF_000306195.1_gls454024v02_genomic.fna.gz	NZ_AKXB02000054.1:10498-11745	leptospira	168
686	GCF_000343145.1_CA_glsol097_genomic.fna.gz	NZ_AOVY01000063.1:16049-16304	leptospira	17
686	GCF_000343145.1_CA_glsol097_genomic.fna.gz	NZ_AOVY01000130.1:4630-4901	leptospira	17
686	GCF_000244655.1_gls454171v2.0_genomic.fna.gz	NZ_AHOJ02000029.1:52826-53100	leptospira_2	169
687	GCF_000244655.1_gls454171v2.0_genomic.fna.gz	NZ_AHOJ02000018.1:54017-54903	leptospira_2	169
688	GCF_000244655.1_gls454171v2.0_genomic.fna.gz	NZ_AHOJ02000018.1:169111-169932	leptospira_2	169
689	GCF_000244655.1_gls454171v2.0_genomic.fna.gz	NZ_AHOJ02000002.1:592-2417	leptospira_2	169
690	GCF_000243895.1_LintFPW2026v1.0_genomic.fna.gz	NZ_AHMX02000026.1:59949-60344	leptospira	47
691	GCF_001568075.1_ASM156807v1_genomic.fna.gz	NZ_JQQC01000107.1:16636-16891	leptospira_3	2
691	GCF_001568075.1_ASM156807v1_genomic.fna.gz	NZ_JQQC01000150.1:3905-4176	leptospira_3	2
691	GCF_000217075.1_CLC_glsol116_genomic.fna.gz	NZ_AFKJ01000094.1:6926-7181	leptospira_3	2
691	GCF_000231175.1_ASM23117v1_genomic.fna.gz	NC_017551.1:3160603-3160853	leptospira	1
691	GCF_000231175.1_ASM23117v1_genomic.fna.gz	NC_017551.1:3161010-3161331	leptospira	1
691	GCF_000231175.1_ASM23117v1_genomic.fna.gz	NC_017551.1:3161826-3162077	leptospira	1
691	GCF_000231175.1_ASM23117v1_genomic.fna.gz	NC_017551.1:3162189-3162512	leptospira	1
691	GCF_001567905.1_ASM156790v1_genomic.fna.gz	NZ_JQPK01000132.1:9063-10526	leptospira_2	229
692	GCF_000343265.1_CA_glsol159_genomic.fna.gz	NZ_AOVC01000125.1:4521-4739	leptospira	17
693	GCF_000343265.1_CA_glsol159_genomic.fna.gz	NZ_AOVC01000138.1:16898-17153	leptospira	17
693	GCF_000243555.1_Lint2002000623v2.0_genomic.fna.gz	NZ_AHMG02000056.1:150032-151070	leptospira	51
693	GCF_000243555.1_Lint2002000623v2.0_genomic.fna.gz	NZ_AHMG02000056.1:151492-151956	leptospira	51
693	GCF_000243555.1_Lint2002000623v2.0_genomic.fna.gz	NZ_AHMG02000049.1:23407-23566	leptospira	51
694	GCF_000217235.1_CLC_glsol106_genomic.fna.gz	NZ_AFKB01000186.1:4460-4731	leptospira_3	2
694	GCF_000217235.1_CLC_glsol106_genomic.fna.gz	NZ_AFKB01000154.1:7684-7939	leptospira_3	2
694	GCF_001008325.2_ASM100832v2_genomic.fna.gz	NZ_CP028377.1:2065659-2065925	leptospira	227
694	GCF_001008325.2_ASM100832v2_genomic.fna.gz	NZ_CP028377.1:2322180-2322632	leptospira	227
694	GCF_001008325.2_ASM100832v2_genomic.fna.gz	NZ_CP028377.1:2325202-2325516	leptospira	227
694	GCF_001008325.2_ASM100832v2_genomic.fna.gz	NZ_CP028377.1:2359733-2360068	leptospira	227
695	GCF_001568045.1_ASM156804v1_genomic.fna.gz	NZ_JQPW01000012.1:17330-17582	leptospira_3	52
696	GCF_001568045.1_ASM156804v1_genomic.fna.gz	NZ_JQPW01000012.1:17809-18845	leptospira_3	52
697	GCF_002018035.1_ASM201803v1_genomic.fna.gz	NZ_MVIU01000002.1:299144-299355	leptospira_2	99
697	GCF_000244595.2_gls454167v02_genomic.fna.gz	NZ_AHOG02000029.1:25833-26088	leptospira_3	2
697	GCF_000342745.1_CA_glsol168_genomic.fna.gz	NZ_AOUX01000186.1:26064-26891	leptospira	23
698	GCF_003429525.1_ASM342952v1_genomic.fna.gz	NZ_CP030147.1:18002-18883	leptospira_2	249
699	GCF_003429525.1_ASM342952v1_genomic.fna.gz	NZ_CP030147.1:289511-290211	leptospira_2	249
700	GCF_003429525.1_ASM342952v1_genomic.fna.gz	NZ_CP030147.1:1582661-1583116	leptospira_2	249
701	GCF_003429525.1_ASM342952v1_genomic.fna.gz	NZ_CP030147.1:1904038-1904804	leptospira_2	249
702	GCF_003429525.1_ASM342952v1_genomic.fna.gz	NZ_CP030147.1:3861475-3861869	leptospira_2	249
